:START_ID,Name:string,:END_ID,:TYPE
arn:aws:ec2:eu-west-1:000000000000:subnet/subnet-4354100b,Attached,arn:aws:ec2:eu-west-1:000000000000:vpc/vpc-ab764dcd,ASSOCIATIVE
arn:aws:ec2:eu-west-1:000000000000:volume/vol-047664b2d136fa8c3,Attached,arn:aws:ec2:eu-west-1:000000000000:instance/i-0313297214f1d25f1,ASSOCIATIVE
arn:aws:ec2:eu-west-1:000000000000:subnet/subnet-c2d66098,Attached,arn:aws:ec2:eu-west-1:000000000000:vpc/vpc-ab764dcd,ASSOCIATIVE
arn:aws:ec2:eu-west-1:000000000000:network-interface/eni-00104e0cf7fede6ad,Attached,arn:aws:ec2:eu-west-1:000000000000:security-group/sg-073713cb49ca3a6eb,ASSOCIATIVE
arn:aws:s3:::bobs-important-bucket/important.txt,Attached,arn:aws:s3:::bobs-important-bucket,ASSOCIATIVE
arn:aws:ec2:eu-west-1:000000000000:network-interface/eni-01f5bf8cc8178d2e2,Attached,arn:aws:ec2:eu-west-1:000000000000:subnet/subnet-8d8cf9eb,ASSOCIATIVE
arn:aws:ec2:eu-west-1:000000000000:route-table/rtb-e91b3990,Attached,arn:aws:ec2:eu-west-1:000000000000:vpc/vpc-ab764dcd,ASSOCIATIVE
arn:aws:ec2:eu-west-1:000000000000:network-interface/eni-00104e0cf7fede6ad,Attached,arn:aws:ec2:eu-west-1:000000000000:subnet/subnet-4354100b,ASSOCIATIVE
arn:aws:ec2:eu-west-1:000000000000:network-interface/eni-01f5bf8cc8178d2e2,Attached,arn:aws:ec2:eu-west-1:000000000000:security-group/sg-0e460b7d17eec388b,ASSOCIATIVE
arn:aws:ec2:eu-west-1:000000000000:subnet/subnet-8d8cf9eb,Attached,arn:aws:ec2:eu-west-1:000000000000:vpc/vpc-ab764dcd,ASSOCIATIVE
arn:aws:ec2:eu-west-1:000000000000:instance/i-0313297214f1d25f1,Attached,arn:aws:ec2:eu-west-1:000000000000:network-interface/eni-01f5bf8cc8178d2e2,ASSOCIATIVE
arn:aws:ec2:eu-west-1:000000000000:volume/vol-0960f353f6ce726e7,Attached,arn:aws:ec2:eu-west-1:000000000000:instance/i-00a694819378748fb,ASSOCIATIVE
arn:aws:ec2:eu-west-1:000000000000:instance/i-0313297214f1d25f1,Attached,arn:aws:ec2:eu-west-1:000000000000:key-pair/sysadmin,ASSOCIATIVE
arn:aws:ec2:eu-west-1:000000000000:instance/i-00a694819378748fb,Attached,arn:aws:ec2:eu-west-1:000000000000:network-interface/eni-00104e0cf7fede6ad,ASSOCIATIVE
arn:aws:ec2:eu-west-1:000000000000:network-acl/acl-d973cea0,Attached,arn:aws:ec2:eu-west-1:000000000000:vpc/vpc-ab764dcd,ASSOCIATIVE
arn:aws:ec2:eu-west-1:000000000000:instance/i-00a694819378748fb,Attached,arn:aws:ec2:eu-west-1:000000000000:key-pair/dev,ASSOCIATIVE
arn:aws:ec2:eu-west-1:000000000000:internet-gateway/igw-5780b530,Attached,arn:aws:ec2:eu-west-1:000000000000:vpc/vpc-ab764dcd,ASSOCIATIVE
arn:aws:ec2:eu-west-1:000000000000:vpc/vpc-ab764dcd,Attached,arn:aws:ec2:eu-west-1:000000000000:dhcp-options/dopt-44711b22,ASSOCIATIVE
arn:aws:s3:::this-specific-bucket-is-secret/top-secret.txt,Attached,arn:aws:s3:::this-specific-bucket-is-secret,ASSOCIATIVE
