:ID,AvailabilityZone:string,Ipv6CidrBlockAssociationSet:string,AvailableIpAddressCount:string,Name:string,DefaultForAz:string,SubnetArn:string,OwnerId:string,CidrBlock:string,SubnetId:string,MapPublicIpOnLaunch:string,AvailabilityZoneId:string,State:string,AssignIpv6AddressOnCreation:string,Arn:string,:LABEL
arn:aws:ec2:eu-west-1:000000000000:subnet/subnet-c2d66098,eu-west-1a,[],4091,subnet-c2d66098,True,arn:aws:ec2:eu-west-1:000000000000:subnet/subnet-c2d66098,000000000000,172.31.32.0/20,subnet-c2d66098,True,euw1-az3,available,False,arn:aws:ec2:eu-west-1:000000000000:subnet/subnet-c2d66098,AWS::Ec2::Subnet;Resource
arn:aws:ec2:eu-west-1:000000000000:subnet/subnet-8d8cf9eb,eu-west-1b,[],4090,subnet-8d8cf9eb,True,arn:aws:ec2:eu-west-1:000000000000:subnet/subnet-8d8cf9eb,000000000000,172.31.0.0/20,subnet-8d8cf9eb,True,euw1-az1,available,False,arn:aws:ec2:eu-west-1:000000000000:subnet/subnet-8d8cf9eb,AWS::Ec2::Subnet;Resource
arn:aws:ec2:{Region}:{Account}:subnet/{SubnetId},,,,$Subnet,,,,,,,,,,arn:aws:ec2:{Region}:{Account}:subnet/{SubnetId},AWS::Ec2::Subnet;Generic
arn:aws:ec2:eu-west-1:000000000000:subnet/subnet-4354100b,eu-west-1c,[],4090,subnet-4354100b,True,arn:aws:ec2:eu-west-1:000000000000:subnet/subnet-4354100b,000000000000,172.31.16.0/20,subnet-4354100b,True,euw1-az2,available,False,arn:aws:ec2:eu-west-1:000000000000:subnet/subnet-4354100b,AWS::Ec2::Subnet;Resource
