:ID,Path:string,Tags:string,Id:string,Name:string,CreateDate:string,AccessKeys:string,LoginProfile:string,Documents:string,Arn:string,:LABEL
arn:aws:iam::000000000000:user/Jess,/,[],AIDAZEPWSRKHEKBQGJE7L,Jess,2019-05-05 19:42:56+00:00,"[{""AKIAZEPWSRKHER3T2Y6G"": {""Status"": ""Active"", ""CreateDate"": ""2019-05-05 19:42:57+00:00""}}]",,"[{""ResetAlicesPassword"": {""Version"": ""2012-10-17"", ""Statement"": [{""Sid"": ""VisualEditor0"", ""Effect"": ""Allow"", ""Action"": ""iam:UpdateLoginProfile"", ""Resource"": ""arn:aws:iam::*:user/Alice""}]}}]",arn:aws:iam::000000000000:user/Jess,AWS::Iam::User;Resource
arn:aws:iam::000000000000:user/Sam,/,[],AIDAZEPWSRKHLRKYGOUHT,Sam,2019-04-19 08:18:06+00:00,"[{""AKIAZEPWSRKHN2QV4GSX"": {""Status"": ""Active"", ""CreateDate"": ""2019-08-19 09:41:01+00:00""}}]",,,arn:aws:iam::000000000000:user/Sam,AWS::Iam::User;Resource
arn:aws:iam::000000000000:user/Kate,/,[],AIDAZEPWSRKHGE752J3ED,Kate,2019-05-02 12:39:23+00:00,"[{""AKIAZEPWSRKHIMQ553XJ"": {""Status"": ""Active"", ""CreateDate"": ""2019-05-02 12:39:23+00:00""}}]",,,arn:aws:iam::000000000000:user/Kate,AWS::Iam::User;Resource
arn:aws:iam::{Account}:user/{User},,,,$User,,,,,arn:aws:iam::{Account}:user/{User},AWS::Iam::User;Generic
arn:aws:iam::000000000000:user/Tina,/,[],AIDAZEPWSRKHDAQ54O5UD,Tina,2019-05-05 19:46:40+00:00,"[{""AKIAZEPWSRKHNVMCP7NN"": {""Status"": ""Active"", ""CreateDate"": ""2019-12-02 05:35:05+00:00""}}]",,,arn:aws:iam::000000000000:user/Tina,AWS::Iam::User;Resource
arn:aws:iam::000000000000:user/Jake,/,[],AIDAZEPWSRKHP4U5Q4ILB,Jake,2019-05-02 13:42:14+00:00,"[{""AKIAZEPWSRKHPVUI3ZXN"": {""Status"": ""Active"", ""CreateDate"": ""2019-05-02 13:42:15+00:00""}}]",,,arn:aws:iam::000000000000:user/Jake,AWS::Iam::User;Resource
arn:aws:iam::000000000000:user/Bob,/,[],AIDAZEPWSRKHJCDDQ6HBX,Bob,2019-05-05 19:40:00+00:00,"[{""AKIAZEPWSRKHLQ2G3K6I"": {""Status"": ""Active"", ""CreateDate"": ""2019-05-05 19:40:01+00:00""}}]",,,arn:aws:iam::000000000000:user/Bob,AWS::Iam::User;Resource
arn:aws:iam::000000000000:user/Andy,/,[],AIDAZEPWSRKHG7F6QVLKB,Andy,2019-05-05 19:57:07+00:00,"[{""AKIAZEPWSRKHAFWYGMU6"": {""Status"": ""Active"", ""CreateDate"": ""2019-05-05 19:57:09+00:00""}}, {""AKIAZEPWSRKHFNWPC3VZ"": {""Status"": ""Active"", ""CreateDate"": ""2019-12-15 08:21:07+00:00""}}]",,"[{""PassRole"": {""Version"": ""2012-10-17"", ""Statement"": [{""Sid"": ""VisualEditor0"", ""Effect"": ""Deny"", ""Action"": ""iam:PassRole"", ""Resource"": ""*""}]}}]",arn:aws:iam::000000000000:user/Andy,AWS::Iam::User;Resource
arn:aws:iam::000000000000:user/Alice,/,[],AIDAZEPWSRKHJ5BGO4ECX,Alice,2019-04-19 09:07:37+00:00,"[{""AKIAZEPWSRKHNU6MORM4"": {""Status"": ""Active"", ""CreateDate"": ""2019-04-22 06:49:58+00:00""}}]","{""CreateDate"": ""2019-04-19 09:07:39+00:00"", ""PasswordResetRequired"": false}",,arn:aws:iam::000000000000:user/Alice,AWS::Iam::User;Resource
arn:aws:iam::000000000000:user/Tom,/,[],AIDAZEPWSRKHBWZAXRU6T,Tom,2019-05-02 12:31:53+00:00,"[{""AKIAZEPWSRKHJEG7OJ5D"": {""Status"": ""Active"", ""CreateDate"": ""2019-05-22 14:22:17+00:00""}}]",,"[{""CreateAccessKey"": {""Version"": ""2012-10-17"", ""Statement"": [{""Sid"": ""CreateAccessKey"", ""Effect"": ""Allow"", ""Action"": ""iam:CreateAccessKey"", ""NotResource"": ""arn:aws:iam::000000000000:user/Sam""}]}}]",arn:aws:iam::000000000000:user/Tom,AWS::Iam::User;Resource
arn:aws:iam::000000000000:user/Alex,/,[],AIDAZEPWSRKHA5AZ5CEYY,Alex,2019-04-30 09:48:48+00:00,[],"{""CreateDate"": ""2019-04-30 09:48:51+00:00"", ""PasswordResetRequired"": true}",,arn:aws:iam::000000000000:user/Alex,AWS::Iam::User;Resource
arn:aws:iam::000000000000:user/Jeff,/,[],AIDAZEPWSRKHOIJDHQNYR,Jeff,2019-04-26 12:46:35+00:00,"[{""AKIAZEPWSRKHCHYETP53"": {""Status"": ""Active"", ""CreateDate"": ""2019-09-06 08:14:11+00:00""}}]",,"[{""ManageS3BucketPermissions"": {""Version"": ""2012-10-17"", ""Statement"": [{""Sid"": ""VisualEditor0"", ""Effect"": ""Allow"", ""Action"": [""s3:ObjectOwnerOverrideToBucketOwner"", ""s3:PutObjectVersionAcl"", ""s3:PutObjectAcl""], ""Resource"": ""arn:aws:s3:::*/*""}, {""Sid"": ""VisualEditor1"", ""Effect"": ""Allow"", ""Action"": [""s3:PutBucketPublicAccessBlock"", ""s3:PutBucketAcl"", ""s3:PutBucketPolicy"", ""s3:DeleteBucketPolicy""], ""Resource"": ""arn:aws:s3:::*""}, {""Sid"": ""VisualEditor2"", ""Effect"": ""Allow"", ""Action"": ""s3:PutAccountPublicAccessBlock"", ""Resource"": ""*""}]}}]",arn:aws:iam::000000000000:user/Jeff,AWS::Iam::User;Resource
