:ID,GroupName:string,IpPermissions:string,Name:string,IpPermissionsEgress:string,OwnerId:string,GroupId:string,Description:string,VpcId:string,Arn:string,:LABEL
arn:aws:ec2:eu-west-1:000000000000:security-group/sg-073713cb49ca3a6eb,launch-wizard-3,"[{""FromPort"": 22, ""IpProtocol"": ""tcp"", ""IpRanges"": [{""CidrIp"": ""0.0.0.0/0""}], ""Ipv6Ranges"": [], ""PrefixListIds"": [], ""ToPort"": 22, ""UserIdGroupPairs"": []}]",launch-wizard-3,"[{""IpProtocol"": ""-1"", ""IpRanges"": [{""CidrIp"": ""0.0.0.0/0""}], ""Ipv6Ranges"": [], ""PrefixListIds"": [], ""UserIdGroupPairs"": []}]",000000000000,sg-073713cb49ca3a6eb,launch-wizard-3 created 2019-12-01T14:56:13.289+02:00,vpc-ab764dcd,arn:aws:ec2:eu-west-1:000000000000:security-group/sg-073713cb49ca3a6eb,AWS::Ec2::SecurityGroup;Resource
arn:aws:ec2:eu-west-1:000000000000:security-group/sg-cc071abf,default,"[{""IpProtocol"": ""-1"", ""IpRanges"": [], ""Ipv6Ranges"": [], ""PrefixListIds"": [], ""UserIdGroupPairs"": [{""GroupId"": ""sg-cc071abf"", ""UserId"": ""000000000000""}]}]",default,"[{""IpProtocol"": ""-1"", ""IpRanges"": [{""CidrIp"": ""0.0.0.0/0""}], ""Ipv6Ranges"": [], ""PrefixListIds"": [], ""UserIdGroupPairs"": []}]",000000000000,sg-cc071abf,default VPC security group,vpc-ab764dcd,arn:aws:ec2:eu-west-1:000000000000:security-group/sg-cc071abf,AWS::Ec2::SecurityGroup;Resource
arn:aws:ec2:eu-west-1:000000000000:security-group/sg-003c6f6e6ae1ff77c,launch-wizard-1,"[{""FromPort"": 22, ""IpProtocol"": ""tcp"", ""IpRanges"": [{""CidrIp"": ""0.0.0.0/0""}], ""Ipv6Ranges"": [], ""PrefixListIds"": [], ""ToPort"": 22, ""UserIdGroupPairs"": []}]",launch-wizard-1,"[{""IpProtocol"": ""-1"", ""IpRanges"": [{""CidrIp"": ""0.0.0.0/0""}], ""Ipv6Ranges"": [], ""PrefixListIds"": [], ""UserIdGroupPairs"": []}]",000000000000,sg-003c6f6e6ae1ff77c,launch-wizard-1 created 2019-09-05T10:34:55.791+02:00,vpc-ab764dcd,arn:aws:ec2:eu-west-1:000000000000:security-group/sg-003c6f6e6ae1ff77c,AWS::Ec2::SecurityGroup;Resource
arn:aws:ec2:eu-west-1:000000000000:security-group/sg-0e460b7d17eec388b,launch-wizard-2,"[{""FromPort"": 22, ""IpProtocol"": ""tcp"", ""IpRanges"": [{""CidrIp"": ""0.0.0.0/0""}], ""Ipv6Ranges"": [], ""PrefixListIds"": [], ""ToPort"": 22, ""UserIdGroupPairs"": []}]",launch-wizard-2,"[{""IpProtocol"": ""-1"", ""IpRanges"": [{""CidrIp"": ""0.0.0.0/0""}], ""Ipv6Ranges"": [], ""PrefixListIds"": [], ""UserIdGroupPairs"": []}]",000000000000,sg-0e460b7d17eec388b,launch-wizard-2 created 2019-09-09T17:47:59.008+02:00,vpc-ab764dcd,arn:aws:ec2:eu-west-1:000000000000:security-group/sg-0e460b7d17eec388b,AWS::Ec2::SecurityGroup;Resource
arn:aws:ec2:{Region}:{Account}:security-group/{GroupId},,,$SecurityGroup,,,,,,arn:aws:ec2:{Region}:{Account}:security-group/{GroupId},AWS::Ec2::SecurityGroup;Generic
