:ID,Arn:string,Id:string,LoginProfile:string,Tags:string,CreateDate:string,Path:string,Name:string,AccessKeys:string,Documents:string,:LABEL
arn:aws:iam::{Account}:user/{User},arn:aws:iam::{Account}:user/{User},,,,,,$User,,,AWS::Iam::User;Generic
arn:aws:iam::000000000000:user/Alex,arn:aws:iam::000000000000:user/Alex,AIDAZEPWSRKHA5AZ5CEYY,"{""CreateDate"": ""2019-04-30 09:48:51+00:00"", ""PasswordResetRequired"": true}",[],2019-04-30 09:48:48+00:00,/,Alex,[],,AWS::Iam::User;Resource
arn:aws:iam::000000000000:user/Alice,arn:aws:iam::000000000000:user/Alice,AIDAZEPWSRKHJ5BGO4ECX,"{""CreateDate"": ""2019-04-19 09:07:39+00:00"", ""PasswordResetRequired"": false}",[],2019-04-19 09:07:37+00:00,/,Alice,"[{""AKIAZEPWSRKHNU6MORM4"": {""Status"": ""Active"", ""CreateDate"": ""2019-04-22 06:49:58+00:00""}}]",,AWS::Iam::User;Resource
arn:aws:iam::000000000000:user/Andy,arn:aws:iam::000000000000:user/Andy,AIDAZEPWSRKHG7F6QVLKB,,[],2019-05-05 19:57:07+00:00,/,Andy,"[{""AKIAZEPWSRKHAFWYGMU6"": {""Status"": ""Active"", ""CreateDate"": ""2019-05-05 19:57:09+00:00""}}]",,AWS::Iam::User;Resource
arn:aws:iam::000000000000:user/Bob,arn:aws:iam::000000000000:user/Bob,AIDAZEPWSRKHJCDDQ6HBX,,[],2019-05-05 19:40:00+00:00,/,Bob,"[{""AKIAZEPWSRKHLQ2G3K6I"": {""Status"": ""Active"", ""CreateDate"": ""2019-05-05 19:40:01+00:00""}}]",,AWS::Iam::User;Resource
arn:aws:iam::000000000000:user/Jake,arn:aws:iam::000000000000:user/Jake,AIDAZEPWSRKHP4U5Q4ILB,,[],2019-05-02 13:42:14+00:00,/,Jake,"[{""AKIAZEPWSRKHPVUI3ZXN"": {""Status"": ""Active"", ""CreateDate"": ""2019-05-02 13:42:15+00:00""}}]",,AWS::Iam::User;Resource
arn:aws:iam::000000000000:user/Jeff,arn:aws:iam::000000000000:user/Jeff,AIDAZEPWSRKHOIJDHQNYR,,[],2019-04-26 12:46:35+00:00,/,Jeff,"[{""AKIAZEPWSRKHCHYETP53"": {""Status"": ""Active"", ""CreateDate"": ""2019-09-06 08:14:11+00:00""}}]","[{""ManageS3BucketPermissions"": {""Version"": ""2012-10-17"", ""Statement"": [{""Sid"": ""VisualEditor0"", ""Effect"": ""Allow"", ""Action"": [""s3:ObjectOwnerOverrideToBucketOwner"", ""s3:PutObjectVersionAcl"", ""s3:PutObjectAcl""], ""Resource"": ""arn:aws:s3:::*/*""}, {""Sid"": ""VisualEditor1"", ""Effect"": ""Allow"", ""Action"": [""s3:PutBucketPublicAccessBlock"", ""s3:PutBucketAcl"", ""s3:PutBucketPolicy"", ""s3:DeleteBucketPolicy""], ""Resource"": ""arn:aws:s3:::*""}, {""Sid"": ""VisualEditor2"", ""Effect"": ""Allow"", ""Action"": ""s3:PutAccountPublicAccessBlock"", ""Resource"": ""*""}]}}]",AWS::Iam::User;Resource
arn:aws:iam::000000000000:user/Jess,arn:aws:iam::000000000000:user/Jess,AIDAZEPWSRKHEKBQGJE7L,,[],2019-05-05 19:42:56+00:00,/,Jess,"[{""AKIAZEPWSRKHER3T2Y6G"": {""Status"": ""Active"", ""CreateDate"": ""2019-05-05 19:42:57+00:00""}}]","[{""ResetAlicesPassword"": {""Version"": ""2012-10-17"", ""Statement"": [{""Sid"": ""VisualEditor0"", ""Effect"": ""Allow"", ""Action"": ""iam:UpdateLoginProfile"", ""Resource"": ""arn:aws:iam::*:user/Alice""}]}}]",AWS::Iam::User;Resource
arn:aws:iam::000000000000:user/Kate,arn:aws:iam::000000000000:user/Kate,AIDAZEPWSRKHGE752J3ED,,[],2019-05-02 12:39:23+00:00,/,Kate,"[{""AKIAZEPWSRKHIMQ553XJ"": {""Status"": ""Active"", ""CreateDate"": ""2019-05-02 12:39:23+00:00""}}]",,AWS::Iam::User;Resource
arn:aws:iam::000000000000:user/Sam,arn:aws:iam::000000000000:user/Sam,AIDAZEPWSRKHLRKYGOUHT,,[],2019-04-19 08:18:06+00:00,/,Sam,"[{""AKIAZEPWSRKHN2QV4GSX"": {""Status"": ""Active"", ""CreateDate"": ""2019-08-19 09:41:01+00:00""}}]",,AWS::Iam::User;Resource
arn:aws:iam::000000000000:user/Tina,arn:aws:iam::000000000000:user/Tina,AIDAZEPWSRKHDAQ54O5UD,,[],2019-05-05 19:46:40+00:00,/,Tina,"[{""AKIAZEPWSRKHNVMCP7NN"": {""Status"": ""Active"", ""CreateDate"": ""2019-12-02 05:35:05+00:00""}}]",,AWS::Iam::User;Resource
arn:aws:iam::000000000000:user/Tom,arn:aws:iam::000000000000:user/Tom,AIDAZEPWSRKHBWZAXRU6T,,[],2019-05-02 12:31:53+00:00,/,Tom,"[{""AKIAZEPWSRKHJEG7OJ5D"": {""Status"": ""Active"", ""CreateDate"": ""2019-05-22 14:22:17+00:00""}}]","[{""CreateAccessKey"": {""Version"": ""2012-10-17"", ""Statement"": [{""Sid"": ""CreateAccessKey"", ""Effect"": ""Allow"", ""Action"": ""iam:CreateAccessKey"", ""NotResource"": ""arn:aws:iam::000000000000:user/Sam""}]}}]",AWS::Iam::User;Resource
