:ID,Arn:string,Id:string,LastUsed:string,Tags:string,CreateDate:string,Name:string,Trusts:string,Path:string,Documents:string,:LABEL
arn:aws:iam::{Account}:role/{Role},arn:aws:iam::{Account}:role/{Role},,,,,$Role,,,,AWS::Iam::Role;Generic
arn:aws:iam::000000000000:role/AssumableByJeff,arn:aws:iam::000000000000:role/AssumableByJeff,AROAZEPWSRKHHABCODNPY,{},[],2019-09-06 08:06:02+00:00,AssumableByJeff,"{""Version"": ""2012-10-17"", ""Statement"": [{""Effect"": ""Allow"", ""Principal"": {""AWS"": [""arn:aws:iam::000000000000:user/Jeff""]}, ""Action"": ""sts:AssumeRole"", ""Condition"": {}, ""Resource"": ""arn:aws:iam::000000000000:role/AssumableByJeff""}]}",/,[{}],AWS::Iam::Role;Resource
arn:aws:iam::000000000000:role/AssumableGlobally,arn:aws:iam::000000000000:role/AssumableGlobally,AROAZEPWSRKHKAT2RMHMQ,{},[],2019-09-06 08:07:28+00:00,AssumableGlobally,"{""Version"": ""2012-10-17"", ""Statement"": [{""Effect"": ""Allow"", ""Principal"": {""AWS"": [""*""]}, ""Action"": ""sts:AssumeRole"", ""Condition"": {}, ""Resource"": ""arn:aws:iam::000000000000:role/AssumableGlobally""}]}",/,[{}],AWS::Iam::Role;Resource
arn:aws:iam::000000000000:role/AWSLambdaReadOnlyRole,arn:aws:iam::000000000000:role/AWSLambdaReadOnlyRole,AROAZEPWSRKHIXHDLYHII,"{""LastUsedDate"": ""2019-04-25 09:48:00+00:00"", ""Region"": ""eu-west-2""}",[],2019-04-25 09:42:47+00:00,AWSLambdaReadOnlyRole,"{""Version"": ""2012-10-17"", ""Statement"": [{""Effect"": ""Allow"", ""Principal"": {""Service"": ""lambda.amazonaws.com""}, ""Action"": ""sts:AssumeRole"", ""Resource"": ""arn:aws:iam::000000000000:role/AWSLambdaReadOnlyRole""}]}",/,[{}],AWS::Iam::Role;Resource
arn:aws:iam::000000000000:role/aws-reserved/sso.amazonaws.com/AWSReservedSSO_AdministratorAccess_9899f3e2306dd92c,arn:aws:iam::000000000000:role/aws-reserved/sso.amazonaws.com/AWSReservedSSO_AdministratorAccess_9899f3e2306dd92c,AROAZEPWSRKHJJ2PKCGVN,"{""LastUsedDate"": ""2019-12-03 20:13:00+00:00"", ""Region"": ""us-east-1""}",[],2019-04-17 14:13:59+00:00,AWSReservedSSO_AdministratorAccess_9899f3e2306dd92c,"{""Version"": ""2012-10-17"", ""Statement"": [{""Effect"": ""Allow"", ""Principal"": {""Federated"": ""arn:aws:iam::000000000000:saml-provider/AWSSSO_c65be43f7adf2fb6_DO_NOT_DELETE""}, ""Action"": ""sts:AssumeRoleWithSAML"", ""Condition"": {""StringEquals"": {""SAML:aud"": ""https://signin.aws.amazon.com/saml""}}, ""Resource"": ""arn:aws:iam::000000000000:role/aws-reserved/sso.amazonaws.com/AWSReservedSSO_AdministratorAccess_9899f3e2306dd92c""}]}",/aws-reserved/sso.amazonaws.com/,[{}],AWS::Iam::Role;Resource
arn:aws:iam::000000000000:role/aws-service-role/access-analyzer.amazonaws.com/AWSServiceRoleForAccessAnalyzer,arn:aws:iam::000000000000:role/aws-service-role/access-analyzer.amazonaws.com/AWSServiceRoleForAccessAnalyzer,AROAZEPWSRKHLAL4E6FHY,"{""LastUsedDate"": ""2019-12-04 05:23:00+00:00"", ""Region"": ""eu-west-1""}",[],2019-12-03 17:40:16+00:00,AWSServiceRoleForAccessAnalyzer,"{""Version"": ""2012-10-17"", ""Statement"": [{""Effect"": ""Allow"", ""Principal"": {""Service"": ""access-analyzer.amazonaws.com""}, ""Action"": ""sts:AssumeRole"", ""Resource"": ""arn:aws:iam::000000000000:role/aws-service-role/access-analyzer.amazonaws.com/AWSServiceRoleForAccessAnalyzer""}]}",/aws-service-role/access-analyzer.amazonaws.com/,[{}],AWS::Iam::Role;Resource
arn:aws:iam::000000000000:role/aws-service-role/cloudtrail.amazonaws.com/AWSServiceRoleForCloudTrail,arn:aws:iam::000000000000:role/aws-service-role/cloudtrail.amazonaws.com/AWSServiceRoleForCloudTrail,AROAZEPWSRKHFBGPH7B4L,{},[],2019-04-17 14:13:26+00:00,AWSServiceRoleForCloudTrail,"{""Version"": ""2012-10-17"", ""Statement"": [{""Effect"": ""Allow"", ""Principal"": {""Service"": ""cloudtrail.amazonaws.com""}, ""Action"": ""sts:AssumeRole"", ""Resource"": ""arn:aws:iam::000000000000:role/aws-service-role/cloudtrail.amazonaws.com/AWSServiceRoleForCloudTrail""}]}",/aws-service-role/cloudtrail.amazonaws.com/,[{}],AWS::Iam::Role;Resource
arn:aws:iam::000000000000:role/aws-service-role/organizations.amazonaws.com/AWSServiceRoleForOrganizations,arn:aws:iam::000000000000:role/aws-service-role/organizations.amazonaws.com/AWSServiceRoleForOrganizations,AROAZEPWSRKHD6BHO3WJV,"{""LastUsedDate"": ""2019-09-26 04:09:00+00:00"", ""Region"": ""us-east-1""}",[],2019-04-17 14:10:25+00:00,AWSServiceRoleForOrganizations,"{""Version"": ""2012-10-17"", ""Statement"": [{""Effect"": ""Allow"", ""Principal"": {""Service"": ""organizations.amazonaws.com""}, ""Action"": ""sts:AssumeRole"", ""Resource"": ""arn:aws:iam::000000000000:role/aws-service-role/organizations.amazonaws.com/AWSServiceRoleForOrganizations""}]}",/aws-service-role/organizations.amazonaws.com/,[{}],AWS::Iam::Role;Resource
arn:aws:iam::000000000000:role/aws-service-role/sso.amazonaws.com/AWSServiceRoleForSSO,arn:aws:iam::000000000000:role/aws-service-role/sso.amazonaws.com/AWSServiceRoleForSSO,AROAZEPWSRKHKOGWSWVG5,{},[],2019-04-17 14:13:49+00:00,AWSServiceRoleForSSO,"{""Version"": ""2012-10-17"", ""Statement"": [{""Effect"": ""Allow"", ""Principal"": {""Service"": ""sso.amazonaws.com""}, ""Action"": ""sts:AssumeRole"", ""Resource"": ""arn:aws:iam::000000000000:role/aws-service-role/sso.amazonaws.com/AWSServiceRoleForSSO""}]}",/aws-service-role/sso.amazonaws.com/,[{}],AWS::Iam::Role;Resource
arn:aws:iam::000000000000:role/aws-service-role/support.amazonaws.com/AWSServiceRoleForSupport,arn:aws:iam::000000000000:role/aws-service-role/support.amazonaws.com/AWSServiceRoleForSupport,AROAJGHUFDATPYKSYNSWY,{},[],2018-11-02 10:27:45+00:00,AWSServiceRoleForSupport,"{""Version"": ""2012-10-17"", ""Statement"": [{""Effect"": ""Allow"", ""Principal"": {""Service"": ""support.amazonaws.com""}, ""Action"": ""sts:AssumeRole"", ""Resource"": ""arn:aws:iam::000000000000:role/aws-service-role/support.amazonaws.com/AWSServiceRoleForSupport""}]}",/aws-service-role/support.amazonaws.com/,[{}],AWS::Iam::Role;Resource
arn:aws:iam::000000000000:role/aws-service-role/trustedadvisor.amazonaws.com/AWSServiceRoleForTrustedAdvisor,arn:aws:iam::000000000000:role/aws-service-role/trustedadvisor.amazonaws.com/AWSServiceRoleForTrustedAdvisor,AROAJMHLA24NAB5YE5H4G,{},[],2018-11-02 10:27:45+00:00,AWSServiceRoleForTrustedAdvisor,"{""Version"": ""2012-10-17"", ""Statement"": [{""Effect"": ""Allow"", ""Principal"": {""Service"": ""trustedadvisor.amazonaws.com""}, ""Action"": ""sts:AssumeRole"", ""Resource"": ""arn:aws:iam::000000000000:role/aws-service-role/trustedadvisor.amazonaws.com/AWSServiceRoleForTrustedAdvisor""}]}",/aws-service-role/trustedadvisor.amazonaws.com/,[{}],AWS::Iam::Role;Resource
arn:aws:iam::000000000000:role/BlogExampleRole1,arn:aws:iam::000000000000:role/BlogExampleRole1,AROAZEPWSRKHBVS7TGKGR,{},[],2019-12-03 12:04:25+00:00,BlogExampleRole1,"{""Version"": ""2012-10-17"", ""Statement"": [{""Effect"": ""Allow"", ""Principal"": {""Service"": ""ec2.amazonaws.com""}, ""Action"": ""sts:AssumeRole"", ""Resource"": ""arn:aws:iam::000000000000:role/BlogExampleRole1""}]}",/,[{}],AWS::Iam::Role;Resource
arn:aws:iam::000000000000:role/BlogExampleRole2,arn:aws:iam::000000000000:role/BlogExampleRole2,AROAZEPWSRKHPONXFP6PG,{},[],2019-12-03 12:05:15+00:00,BlogExampleRole2,"{""Version"": ""2012-10-17"", ""Statement"": [{""Effect"": ""Allow"", ""Principal"": {""Service"": ""lambda.amazonaws.com""}, ""Action"": ""sts:AssumeRole"", ""Resource"": ""arn:aws:iam::000000000000:role/BlogExampleRole2""}]}",/,[{}],AWS::Iam::Role;Resource
arn:aws:iam::000000000000:role/IAMRole,arn:aws:iam::000000000000:role/IAMRole,AROAZEPWSRKHKDFYRO2ML,"{""LastUsedDate"": ""2019-05-05 18:22:00+00:00"", ""Region"": ""eu-west-2""}",[],2019-05-05 18:05:25+00:00,IAMRole,"{""Version"": ""2012-10-17"", ""Statement"": [{""Effect"": ""Allow"", ""Principal"": {""Service"": ""ec2.amazonaws.com""}, ""Action"": ""sts:AssumeRole"", ""Resource"": ""arn:aws:iam::000000000000:role/IAMRole""}]}",/,[{}],AWS::Iam::Role;Resource
