:ID,LastUsed:string,Path:string,Tags:string,Id:string,Name:string,CreateDate:string,Trusts:string,Documents:string,Arn:string,:LABEL
arn:aws:iam::{Account}:role/{Role},,,,,$Role,,,,arn:aws:iam::{Account}:role/{Role},AWS::Iam::Role;Generic
arn:aws:iam::000000000000:role/aws-service-role/trustedadvisor.amazonaws.com/AWSServiceRoleForTrustedAdvisor,{},/aws-service-role/trustedadvisor.amazonaws.com/,[],AROAJMHLA24NAB5YE5H4G,AWSServiceRoleForTrustedAdvisor,2018-11-02 10:27:45+00:00,"{""Version"": ""2012-10-17"", ""Statement"": [{""Effect"": ""Allow"", ""Principal"": {""Service"": ""trustedadvisor.amazonaws.com""}, ""Action"": ""sts:AssumeRole"", ""Resource"": ""arn:aws:iam::000000000000:role/aws-service-role/trustedadvisor.amazonaws.com/AWSServiceRoleForTrustedAdvisor""}]}",[{}],arn:aws:iam::000000000000:role/aws-service-role/trustedadvisor.amazonaws.com/AWSServiceRoleForTrustedAdvisor,AWS::Iam::Role;Resource
arn:aws:iam::000000000000:role/AWSLambdaReadOnlyRole,"{""LastUsedDate"": ""2019-04-25 09:48:00+00:00"", ""Region"": ""eu-west-2""}",/,[],AROAZEPWSRKHIXHDLYHII,AWSLambdaReadOnlyRole,2019-04-25 09:42:47+00:00,"{""Version"": ""2012-10-17"", ""Statement"": [{""Effect"": ""Allow"", ""Principal"": {""Service"": ""lambda.amazonaws.com""}, ""Action"": ""sts:AssumeRole"", ""Resource"": ""arn:aws:iam::000000000000:role/AWSLambdaReadOnlyRole""}]}",[{}],arn:aws:iam::000000000000:role/AWSLambdaReadOnlyRole,AWS::Iam::Role;Resource
arn:aws:iam::000000000000:role/aws-service-role/sso.amazonaws.com/AWSServiceRoleForSSO,"{""LastUsedDate"": ""2019-04-17 14:13:00+00:00"", ""Region"": ""us-east-1""}",/aws-service-role/sso.amazonaws.com/,[],AROAZEPWSRKHKOGWSWVG5,AWSServiceRoleForSSO,2019-04-17 14:13:49+00:00,"{""Version"": ""2012-10-17"", ""Statement"": [{""Effect"": ""Allow"", ""Principal"": {""Service"": ""sso.amazonaws.com""}, ""Action"": ""sts:AssumeRole"", ""Resource"": ""arn:aws:iam::000000000000:role/aws-service-role/sso.amazonaws.com/AWSServiceRoleForSSO""}]}",[{}],arn:aws:iam::000000000000:role/aws-service-role/sso.amazonaws.com/AWSServiceRoleForSSO,AWS::Iam::Role;Resource
arn:aws:iam::000000000000:role/aws-service-role/cloudtrail.amazonaws.com/AWSServiceRoleForCloudTrail,"{""LastUsedDate"": ""2019-04-17 14:13:00+00:00"", ""Region"": ""us-east-1""}",/aws-service-role/cloudtrail.amazonaws.com/,[],AROAZEPWSRKHFBGPH7B4L,AWSServiceRoleForCloudTrail,2019-04-17 14:13:26+00:00,"{""Version"": ""2012-10-17"", ""Statement"": [{""Effect"": ""Allow"", ""Principal"": {""Service"": ""cloudtrail.amazonaws.com""}, ""Action"": ""sts:AssumeRole"", ""Resource"": ""arn:aws:iam::000000000000:role/aws-service-role/cloudtrail.amazonaws.com/AWSServiceRoleForCloudTrail""}]}",[{}],arn:aws:iam::000000000000:role/aws-service-role/cloudtrail.amazonaws.com/AWSServiceRoleForCloudTrail,AWS::Iam::Role;Resource
arn:aws:iam::000000000000:role/IAMRole,"{""LastUsedDate"": ""2020-05-02 15:13:00+00:00"", ""Region"": ""eu-west-1""}",/,[],AROAZEPWSRKHKDFYRO2ML,IAMRole,2019-05-05 18:05:25+00:00,"{""Version"": ""2012-10-17"", ""Statement"": [{""Effect"": ""Allow"", ""Principal"": {""Service"": ""ec2.amazonaws.com""}, ""Action"": ""sts:AssumeRole"", ""Resource"": ""arn:aws:iam::000000000000:role/IAMRole""}]}",[{}],arn:aws:iam::000000000000:role/IAMRole,AWS::Iam::Role;Resource
arn:aws:iam::000000000000:role/AssumableByJeff,{},/,[],AROAZEPWSRKHHABCODNPY,AssumableByJeff,2019-09-06 08:06:02+00:00,"{""Version"": ""2012-10-17"", ""Statement"": [{""Effect"": ""Allow"", ""Principal"": {""AWS"": [""arn:aws:iam::000000000000:user/Jeff""]}, ""Action"": ""sts:AssumeRole"", ""Condition"": {}, ""Resource"": ""arn:aws:iam::000000000000:role/AssumableByJeff""}]}",[{}],arn:aws:iam::000000000000:role/AssumableByJeff,AWS::Iam::Role;Resource
arn:aws:iam::000000000000:role/aws-service-role/support.amazonaws.com/AWSServiceRoleForSupport,{},/aws-service-role/support.amazonaws.com/,[],AROAJGHUFDATPYKSYNSWY,AWSServiceRoleForSupport,2018-11-02 10:27:45+00:00,"{""Version"": ""2012-10-17"", ""Statement"": [{""Effect"": ""Allow"", ""Principal"": {""Service"": ""support.amazonaws.com""}, ""Action"": ""sts:AssumeRole"", ""Resource"": ""arn:aws:iam::000000000000:role/aws-service-role/support.amazonaws.com/AWSServiceRoleForSupport""}]}",[{}],arn:aws:iam::000000000000:role/aws-service-role/support.amazonaws.com/AWSServiceRoleForSupport,AWS::Iam::Role;Resource
arn:aws:iam::000000000000:role/aws-service-role/access-analyzer.amazonaws.com/AWSServiceRoleForAccessAnalyzer,"{""LastUsedDate"": ""2020-05-02 13:56:47+00:00"", ""Region"": ""eu-west-1""}",/aws-service-role/access-analyzer.amazonaws.com/,[],AROAZEPWSRKHLAL4E6FHY,AWSServiceRoleForAccessAnalyzer,2019-12-03 17:40:16+00:00,"{""Version"": ""2012-10-17"", ""Statement"": [{""Effect"": ""Allow"", ""Principal"": {""Service"": ""access-analyzer.amazonaws.com""}, ""Action"": ""sts:AssumeRole"", ""Resource"": ""arn:aws:iam::000000000000:role/aws-service-role/access-analyzer.amazonaws.com/AWSServiceRoleForAccessAnalyzer""}]}",[{}],arn:aws:iam::000000000000:role/aws-service-role/access-analyzer.amazonaws.com/AWSServiceRoleForAccessAnalyzer,AWS::Iam::Role;Resource
arn:aws:iam::000000000000:role/BlogExampleRole2,{},/,[],AROAZEPWSRKHPONXFP6PG,BlogExampleRole2,2019-12-03 12:05:15+00:00,"{""Version"": ""2012-10-17"", ""Statement"": [{""Effect"": ""Allow"", ""Principal"": {""Service"": ""lambda.amazonaws.com""}, ""Action"": ""sts:AssumeRole"", ""Resource"": ""arn:aws:iam::000000000000:role/BlogExampleRole2""}]}",[{}],arn:aws:iam::000000000000:role/BlogExampleRole2,AWS::Iam::Role;Resource
arn:aws:iam::000000000000:role/aws-service-role/organizations.amazonaws.com/AWSServiceRoleForOrganizations,"{""LastUsedDate"": ""2019-09-26 04:09:00+00:00"", ""Region"": ""us-east-1""}",/aws-service-role/organizations.amazonaws.com/,[],AROAZEPWSRKHD6BHO3WJV,AWSServiceRoleForOrganizations,2019-04-17 14:10:25+00:00,"{""Version"": ""2012-10-17"", ""Statement"": [{""Effect"": ""Allow"", ""Principal"": {""Service"": ""organizations.amazonaws.com""}, ""Action"": ""sts:AssumeRole"", ""Resource"": ""arn:aws:iam::000000000000:role/aws-service-role/organizations.amazonaws.com/AWSServiceRoleForOrganizations""}]}",[{}],arn:aws:iam::000000000000:role/aws-service-role/organizations.amazonaws.com/AWSServiceRoleForOrganizations,AWS::Iam::Role;Resource
arn:aws:iam::000000000000:role/BlogExampleRole1,{},/,[],AROAZEPWSRKHBVS7TGKGR,BlogExampleRole1,2019-12-03 12:04:25+00:00,"{""Version"": ""2012-10-17"", ""Statement"": [{""Effect"": ""Allow"", ""Principal"": {""Service"": ""ec2.amazonaws.com""}, ""Action"": ""sts:AssumeRole"", ""Resource"": ""arn:aws:iam::000000000000:role/BlogExampleRole1""}]}",[{}],arn:aws:iam::000000000000:role/BlogExampleRole1,AWS::Iam::Role;Resource
arn:aws:iam::000000000000:role/AssumableGlobally,"{""LastUsedDate"": ""2020-04-28 07:51:50+00:00"", ""Region"": ""us-east-1""}",/,[],AROAZEPWSRKHKAT2RMHMQ,AssumableGlobally,2019-09-06 08:07:28+00:00,"{""Version"": ""2012-10-17"", ""Statement"": [{""Effect"": ""Allow"", ""Principal"": {""AWS"": [""*""]}, ""Action"": ""sts:AssumeRole"", ""Condition"": {}, ""Resource"": ""arn:aws:iam::000000000000:role/AssumableGlobally""}]}",[{}],arn:aws:iam::000000000000:role/AssumableGlobally,AWS::Iam::Role;Resource
