:ID,State:string,Arn:string,AssignIpv6AddressOnCreation:string,DefaultForAz:string,Name:string,SubnetId:string,CidrBlock:string,OwnerId:string,AvailabilityZone:string,MapPublicIpOnLaunch:string,SubnetArn:string,AvailableIpAddressCount:string,AvailabilityZoneId:string,Ipv6CidrBlockAssociationSet:string,:LABEL
arn:aws:ec2:eu-west-1:000000000000:subnet/subnet-8d8cf9eb,available,arn:aws:ec2:eu-west-1:000000000000:subnet/subnet-8d8cf9eb,False,True,subnet-8d8cf9eb,subnet-8d8cf9eb,172.31.0.0/20,000000000000,eu-west-1b,True,arn:aws:ec2:eu-west-1:000000000000:subnet/subnet-8d8cf9eb,4090,euw1-az1,[],AWS::Ec2::Subnet;Resource
arn:aws:ec2:eu-west-1:000000000000:subnet/subnet-4354100b,available,arn:aws:ec2:eu-west-1:000000000000:subnet/subnet-4354100b,False,True,subnet-4354100b,subnet-4354100b,172.31.16.0/20,000000000000,eu-west-1c,True,arn:aws:ec2:eu-west-1:000000000000:subnet/subnet-4354100b,4090,euw1-az2,[],AWS::Ec2::Subnet;Resource
arn:aws:ec2:eu-west-1:000000000000:subnet/subnet-c2d66098,available,arn:aws:ec2:eu-west-1:000000000000:subnet/subnet-c2d66098,False,True,subnet-c2d66098,subnet-c2d66098,172.31.32.0/20,000000000000,eu-west-1a,True,arn:aws:ec2:eu-west-1:000000000000:subnet/subnet-c2d66098,4091,euw1-az3,[],AWS::Ec2::Subnet;Resource
arn:aws:ec2:{Region}:{Account}:subnet/{SubnetId},,arn:aws:ec2:{Region}:{Account}:subnet/{SubnetId},,,$Subnet,,,,,,,,,,AWS::Ec2::Subnet;Generic
