:ID,KeyFingerprint:string,Arn:string,KeyName:string,Name:string,:LABEL
arn:aws:ec2:eu-west-1:000000000000:key-pair/sysadmin,03:9a:de:01:3f:f2:61:34:59:a4:e2:29:ac:e1:96:ce,arn:aws:ec2:eu-west-1:000000000000:key-pair/sysadmin,sysadmin,sysadmin,AWS::Ec2::KeyPair;Resource
arn:aws:ec2:eu-west-1:000000000000:key-pair/support,3e:88:61:ab:cc:e0:06:45:68:b2:d6:64:0e:e2:42:f3:9a:eb:2a:8b,arn:aws:ec2:eu-west-1:000000000000:key-pair/support,support,support,AWS::Ec2::KeyPair;Resource
arn:aws:ec2:eu-west-1:000000000000:key-pair/key-pair,db:0f:10:56:57:0f:65:66:47:30:8c:52:7e:53:a2:50:08:92:41:cb,arn:aws:ec2:eu-west-1:000000000000:key-pair/key-pair,key-pair,key-pair,AWS::Ec2::KeyPair;Resource
arn:aws:ec2:{Region}:{Account}:key-pair/{KeyName},,arn:aws:ec2:{Region}:{Account}:key-pair/{KeyName},,$KeyPair,AWS::Ec2::KeyPair;Generic
