:ID,Name:string,:LABEL
trustedadvisor.amazonaws.com,trustedadvisor.amazonaws.com,AWS::Domain;External
access-analyzer.amazonaws.com,access-analyzer.amazonaws.com,AWS::Domain;External
cloudtrail.amazonaws.com,cloudtrail.amazonaws.com,AWS::Domain;External
ec2.amazonaws.com,ec2.amazonaws.com,AWS::Domain;External
organizations.amazonaws.com,organizations.amazonaws.com,AWS::Domain;External
sso.amazonaws.com,sso.amazonaws.com,AWS::Domain;External
support.amazonaws.com,support.amazonaws.com,AWS::Domain;External
lambda.amazonaws.com,lambda.amazonaws.com,AWS::Domain;External
