:ID,Path:string,Document:string,UpdateDate:string,Id:string,Name:string,CreateDate:string,AttachmentCount:string,IsAttachable:string,DefaultVersionId:string,PermissionsBoundaryUsageCount:string,Arn:string,:LABEL
arn:aws:iam::aws:policy/AmazonEC2FullAccess,/,"[{""DefaultVersion"": {""Version"": ""2012-10-17"", ""Statement"": [{""Action"": ""ec2:*"", ""Effect"": ""Allow"", ""Resource"": ""*""}, {""Effect"": ""Allow"", ""Action"": ""elasticloadbalancing:*"", ""Resource"": ""*""}, {""Effect"": ""Allow"", ""Action"": ""cloudwatch:*"", ""Resource"": ""*""}, {""Effect"": ""Allow"", ""Action"": ""autoscaling:*"", ""Resource"": ""*""}, {""Effect"": ""Allow"", ""Action"": ""iam:CreateServiceLinkedRole"", ""Resource"": ""*"", ""Condition"": {""StringEquals"": {""iam:AWSServiceName"": [""autoscaling.amazonaws.com"", ""ec2scheduled.amazonaws.com"", ""elasticloadbalancing.amazonaws.com"", ""spot.amazonaws.com"", ""spotfleet.amazonaws.com"", ""transitgateway.amazonaws.com""]}}}]}}]",2018-11-27 02:16:56+00:00,ANPAI3VAJF5ZCRZ7MCQE6,AmazonEC2FullAccess,2015-02-06 18:40:15+00:00,1,True,v5,0,arn:aws:iam::aws:policy/AmazonEC2FullAccess,AWS::Iam::Policy;Resource
arn:aws:iam::aws:policy/aws-service-role/AWSOrganizationsServiceTrustPolicy,/aws-service-role/,"[{""DefaultVersion"": {""Version"": ""2012-10-17"", ""Statement"": [{""Sid"": ""AllowDeletionOfServiceLinkedRoleForOrganizations"", ""Effect"": ""Allow"", ""Action"": [""iam:DeleteRole""], ""Resource"": [""arn:aws:iam::*:role/aws-service-role/organizations.amazonaws.com/*""]}, {""Sid"": ""AllowCreationOfServiceLinkedRoles"", ""Effect"": ""Allow"", ""Action"": [""iam:CreateServiceLinkedRole""], ""Resource"": ""*""}]}}]",2017-11-01 06:01:18+00:00,ANPAIQH6ROMVVECFVRJPK,AWSOrganizationsServiceTrustPolicy,2017-10-10 23:04:07+00:00,1,True,v2,0,arn:aws:iam::aws:policy/aws-service-role/AWSOrganizationsServiceTrustPolicy,AWS::Iam::Policy;Resource
arn:aws:iam::000000000000:policy/CustomS3WriteOnlyAccess,/,"[{""DefaultVersion"": {""Version"": ""2012-10-17"", ""Statement"": [{""Effect"": ""Allow"", ""Action"": [""s3:Put*"", ""s3:List*""], ""Resource"": ""*""}]}}]",2019-05-05 18:00:53+00:00,ANPAZEPWSRKHG4EFIBDY2,CustomS3WriteOnlyAccess,2019-05-05 18:00:53+00:00,1,True,v1,0,arn:aws:iam::000000000000:policy/CustomS3WriteOnlyAccess,AWS::Iam::Policy;Resource
arn:aws:iam::000000000000:policy/AddUserToGroup,/,"[{""DefaultVersion"": {""Version"": ""2012-10-17"", ""Statement"": [{""Effect"": ""Allow"", ""Action"": ""iam:AddUserToGroup"", ""Resource"": ""*""}]}}]",2019-12-03 12:32:05+00:00,ANPAZEPWSRKHG7OSTXO3X,AddUserToGroup,2019-12-01 15:08:21+00:00,3,True,v2,0,arn:aws:iam::000000000000:policy/AddUserToGroup,AWS::Iam::Policy;Resource
arn:aws:iam::aws:policy/aws-service-role/AWSTrustedAdvisorServiceRolePolicy,/aws-service-role/,"[{""DefaultVersion"": {""Version"": ""2012-10-17"", ""Statement"": [{""Effect"": ""Allow"", ""Action"": [""autoscaling:DescribeAccountLimits"", ""autoscaling:DescribeAutoScalingGroups"", ""autoscaling:DescribeLaunchConfigurations"", ""cloudformation:DescribeAccountLimits"", ""cloudformation:DescribeStacks"", ""cloudformation:ListStacks"", ""cloudfront:ListDistributions"", ""cloudtrail:DescribeTrails"", ""cloudtrail:GetTrailStatus"", ""dynamodb:DescribeLimits"", ""dynamodb:DescribeTable"", ""dynamodb:ListTables"", ""ec2:DescribeAddresses"", ""ec2:DescribeReservedInstances"", ""ec2:DescribeInstances"", ""ec2:DescribeVpcs"", ""ec2:DescribeInternetGateways"", ""ec2:DescribeImages"", ""ec2:DescribeVolumes"", ""ec2:DescribeSecurityGroups"", ""ec2:DescribeReservedInstancesOfferings"", ""ec2:DescribeSnapshots"", ""ec2:DescribeVpnConnections"", ""ec2:DescribeVpnGateways"", ""ec2:DescribeLaunchTemplateVersions"", ""elasticloadbalancing:DescribeAccountLimits"", ""elasticloadbalancing:DescribeInstanceHealth"", ""elasticloadbalancing:DescribeLoadBalancerAttributes"", ""elasticloadbalancing:DescribeLoadBalancerPolicies"", ""elasticloadbalancing:DescribeLoadBalancerPolicyTypes"", ""elasticloadbalancing:DescribeLoadBalancers"", ""iam:GenerateCredentialReport"", ""iam:GetAccountPasswordPolicy"", ""iam:GetAccountSummary"", ""iam:GetCredentialReport"", ""iam:GetServerCertificate"", ""iam:ListServerCertificates"", ""kinesis:DescribeLimits"", ""rds:DescribeAccountAttributes"", ""rds:DescribeDBClusters"", ""rds:DescribeDBEngineVersions"", ""rds:DescribeDBInstances"", ""rds:DescribeDBParameterGroups"", ""rds:DescribeDBParameters"", ""rds:DescribeDBSecurityGroups"", ""rds:DescribeDBSnapshots"", ""rds:DescribeDBSubnetGroups"", ""rds:DescribeEngineDefaultParameters"", ""rds:DescribeEvents"", ""rds:DescribeOptionGroupOptions"", ""rds:DescribeOptionGroups"", ""rds:DescribeOrderableDBInstanceOptions"", ""rds:DescribeReservedDBInstances"", ""rds:DescribeReservedDBInstancesOfferings"", ""rds:ListTagsForResource"", ""redshift:DescribeClusters"", ""redshift:DescribeReservedNodeOfferings"", ""redshift:DescribeReservedNodes"", ""route53:GetAccountLimit"", ""route53:GetHealthCheck"", ""route53:GetHostedZone"", ""route53:ListHealthChecks"", ""route53:ListHostedZones"", ""route53:ListHostedZonesByName"", ""route53:ListResourceRecordSets"", ""s3:GetBucketAcl"", ""s3:GetBucketPolicy"", ""s3:GetBucketPolicyStatus"", ""s3:GetBucketLocation"", ""s3:GetBucketLogging"", ""s3:GetBucketVersioning"", ""s3:GetBucketPublicAccessBlock"", ""s3:ListBucket"", ""s3:ListAllMyBuckets"", ""ses:GetSendQuota"", ""sqs:ListQueues"", ""cloudwatch:GetMetricStatistics"", ""ce:GetReservationPurchaseRecommendation"", ""ce:GetSavingsPlansPurchaseRecommendation""], ""Resource"": ""*""}]}}]",2020-04-08 16:15:31+00:00,ANPAJH4QJ2WMHBOB47BUE,AWSTrustedAdvisorServiceRolePolicy,2018-02-22 21:24:25+00:00,1,True,v8,0,arn:aws:iam::aws:policy/aws-service-role/AWSTrustedAdvisorServiceRolePolicy,AWS::Iam::Policy;Resource
arn:aws:iam::aws:policy/AdministratorAccess,/,"[{""DefaultVersion"": {""Version"": ""2012-10-17"", ""Statement"": [{""Effect"": ""Allow"", ""Action"": ""*"", ""Resource"": ""*""}]}}]",2015-02-06 18:39:46+00:00,ANPAIWMBCKSKIEE64ZLYK,AdministratorAccess,2015-02-06 18:39:46+00:00,2,True,v1,0,arn:aws:iam::aws:policy/AdministratorAccess,AWS::Iam::Policy;Resource
arn:aws:iam::000000000000:policy/UpdateLoginProfile,/,"[{""DefaultVersion"": {""Version"": ""2012-10-17"", ""Statement"": [{""Effect"": ""Allow"", ""Action"": ""iam:UpdateLoginProfile"", ""Resource"": ""*""}]}}]",2019-12-03 12:08:27+00:00,ANPAZEPWSRKHF4HN4RWVH,UpdateLoginProfile,2019-12-03 12:08:27+00:00,1,True,v1,0,arn:aws:iam::000000000000:policy/UpdateLoginProfile,AWS::Iam::Policy;Resource
arn:aws:iam::000000000000:policy/PutGroupPolicy,/,"[{""DefaultVersion"": {""Version"": ""2012-10-17"", ""Statement"": [{""Effect"": ""Allow"", ""Action"": ""iam:PutGroupPolicy"", ""Resource"": ""*""}]}}]",2019-12-03 12:37:58+00:00,ANPAZEPWSRKHELJZ7JJZT,PutGroupPolicy,2019-12-01 15:07:40+00:00,3,True,v3,0,arn:aws:iam::000000000000:policy/PutGroupPolicy,AWS::Iam::Policy;Resource
arn:aws:iam::000000000000:policy/S3Misconfiguration2,/,"[{""DefaultVersion"": {""Version"": ""2012-10-17"", ""Statement"": [{""Sid"": ""ThisSpecificBucketReadOnly"", ""Effect"": ""Allow"", ""Action"": [""s3:GetObject"", ""s3:ListBucket"", ""s3:ListAllMyBuckets""], ""Resource"": [""arn:aws:s3:::this-specific-bucket"", ""arn:aws:s3:::this-specific-bucket*"", ""arn:aws:s3:::*""]}]}}]",2019-05-22 11:25:27+00:00,ANPAZEPWSRKHJPSLRFGNW,S3Misconfiguration2,2019-04-24 08:02:59+00:00,0,True,v10,0,arn:aws:iam::000000000000:policy/S3Misconfiguration2,AWS::Iam::Policy;Resource
arn:aws:iam::aws:policy/aws-service-role/AWSSupportServiceRolePolicy,/aws-service-role/,"[{""DefaultVersion"": {""Statement"": [{""Action"": [""apigateway:GET""], ""Effect"": ""Allow"", ""Resource"": [""arn:aws:apigateway:*::/account"", ""arn:aws:apigateway:*::/apis"", ""arn:aws:apigateway:*::/apis/*"", ""arn:aws:apigateway:*::/apis/*/authorizers"", ""arn:aws:apigateway:*::/apis/*/authorizers/*"", ""arn:aws:apigateway:*::/apis/*/deployments"", ""arn:aws:apigateway:*::/apis/*/deployments/*"", ""arn:aws:apigateway:*::/apis/*/integrations"", ""arn:aws:apigateway:*::/apis/*/integrations/*"", ""arn:aws:apigateway:*::/apis/*/integrations/*/integrationresponses"", ""arn:aws:apigateway:*::/apis/*/integrations/*/integrationresponses/*"", ""arn:aws:apigateway:*::/apis/*/models"", ""arn:aws:apigateway:*::/apis/*/models/*"", ""arn:aws:apigateway:*::/apis/*/routes"", ""arn:aws:apigateway:*::/apis/*/routes/*"", ""arn:aws:apigateway:*::/apis/*/routes/*/routeresponses"", ""arn:aws:apigateway:*::/apis/*/routes/*/routeresponses/*"", ""arn:aws:apigateway:*::/apis/*/stages"", ""arn:aws:apigateway:*::/apis/*/stages/*"", ""arn:aws:apigateway:*::/clientcertificates"", ""arn:aws:apigateway:*::/clientcertificates/*"", ""arn:aws:apigateway:*::/domainnames"", ""arn:aws:apigateway:*::/domainnames/*"", ""arn:aws:apigateway:*::/domainnames/*/apimappings"", ""arn:aws:apigateway:*::/domainnames/*/apimappings/*"", ""arn:aws:apigateway:*::/domainnames/*/basepathmappings"", ""arn:aws:apigateway:*::/domainnames/*/basepathmappings/*"", ""arn:aws:apigateway:*::/restapis"", ""arn:aws:apigateway:*::/restapis/*"", ""arn:aws:apigateway:*::/restapis/*/authorizers"", ""arn:aws:apigateway:*::/restapis/*/authorizers/*"", ""arn:aws:apigateway:*::/restapis/*/deployments"", ""arn:aws:apigateway:*::/restapis/*/deployments/*"", ""arn:aws:apigateway:*::/restapis/*/models"", ""arn:aws:apigateway:*::/restapis/*/models/*"", ""arn:aws:apigateway:*::/restapis/*/models/*/default_template"", ""arn:aws:apigateway:*::/restapis/*/resources"", ""arn:aws:apigateway:*::/restapis/*/resources/*"", ""arn:aws:apigateway:*::/restapis/*/resources/*/methods/*/integration/responses/*"", ""arn:aws:apigateway:*::/restapis/*/resources/*/methods/*/responses/*"", ""arn:aws:apigateway:*::/restapis/*/stages/*/sdks/*"", ""arn:aws:apigateway:*::/restapis/*/resources/*/methods/*"", ""arn:aws:apigateway:*::/restapis/*/resources/*/methods/*/integration"", ""arn:aws:apigateway:*::/restapis/*/stages"", ""arn:aws:apigateway:*::/restapis/*/stages/*""]}, {""Action"": [""iam:DeleteRole""], ""Effect"": ""Allow"", ""Resource"": [""arn:aws:iam::*:role/aws-service-role/support.amazonaws.com/AWSServiceRoleForSupport""]}, {""Action"": [""a4b:getDevice"", ""a4b:getProfile"", ""a4b:getRoom"", ""a4b:getRoomSkillParameter"", ""a4b:getSkillGroup"", ""a4b:searchDevices"", ""a4b:searchProfiles"", ""a4b:searchRooms"", ""a4b:searchSkillGroups"", ""access-analyzer:getFinding"", ""access-analyzer:listAnalyzers"", ""access-analyzer:listArchiveRules"", ""access-analyzer:listFindings"", ""acm-pca:describeCertificateAuthority"", ""acm-pca:describeCertificateAuthorityAuditReport"", ""acm-pca:getCertificate"", ""acm-pca:getCertificateAuthorityCertificate"", ""acm-pca:getCertificateAuthorityCsr"", ""acm-pca:listCertificateAuthorities"", ""acm-pca:listTags"", ""acm:describeCertificate"", ""acm:getCertificate"", ""acm:listCertificates"", ""acm:listTagsForCertificate"", ""application-autoscaling:describeScalableTargets"", ""application-autoscaling:describeScalingActivities"", ""application-autoscaling:describeScalingPolicies"", ""application-autoscaling:describeScheduledActions"", ""appstream:describeDirectoryConfigs"", ""appstream:describeFleets"", ""appstream:describeImageBuilders"", ""appstream:describeImages"", ""appstream:describeSessions"", ""appstream:describeStacks"", ""appstream:listAssociatedFleets"", ""appstream:listAssociatedStacks"", ""appstream:listTagsForResource"", ""appsync:getFunction"", ""appsync:getGraphqlApi"", ""appsync:getIntrospectionSchema"", ""appsync:getResolver"", ""appsync:getSchemaCreationStatus"", ""appsync:getType"", ""appsync:listDataSources"", ""appsync:listFunctions"", ""appsync:listGraphqlApis"", ""appsync:listResolvers"", ""appsync:listTypes"", ""athena:batchGetNamedQuery"", ""athena:batchGetQueryExecution"", ""athena:getNamedQuery"", ""athena:getQueryExecution"", ""athena:getWorkGroup"", ""athena:listNamedQueries"", ""athena:listQueryExecutions"", ""athena:listTagsForResource"", ""athena:listWorkGroups"", ""autoscaling-plans:describeScalingPlanResources"", ""autoscaling-plans:describeScalingPlans"", ""autoscaling-plans:getScalingPlanResourceForecastData"", ""autoscaling:describeAccountLimits"", ""autoscaling:describeAdjustmentTypes"", ""autoscaling:describeAutoScalingGroups"", ""autoscaling:describeAutoScalingInstances"", ""autoscaling:describeAutoScalingNotificationTypes"", ""autoscaling:describeLaunchConfigurations"", ""autoscaling:describeLifecycleHookTypes"", ""autoscaling:describeLifecycleHooks"", ""autoscaling:describeLoadBalancerTargetGroups"", ""autoscaling:describeLoadBalancers"", ""autoscaling:describeMetricCollectionTypes"", ""autoscaling:describeNotificationConfigurations"", ""autoscaling:describePolicies"", ""autoscaling:describeScalingActivities"", ""autoscaling:describeScalingProcessTypes"", ""autoscaling:describeScheduledActions"", ""autoscaling:describeTags"", ""autoscaling:describeTerminationPolicyTypes"", ""backup:describeBackupJob"", ""backup:describeBackupVault"", ""backup:describeProtectedResource"", ""backup:describeRecoveryPoint"", ""backup:describeRestoreJob"", ""backup:getBackupPlan"", ""backup:getBackupPlanFromJSON"", ""backup:getBackupPlanFromTemplate"", ""backup:getBackupSelection"", ""backup:getBackupVaultAccessPolicy"", ""backup:getBackupVaultNotifications"", ""backup:getRecoveryPointRestoreMetadata"", ""backup:getSupportedResourceTypes"", ""backup:listBackupJobs"", ""backup:listBackupPlanTemplates"", ""backup:listBackupPlanVersions"", ""backup:listBackupPlans"", ""backup:listBackupSelections"", ""backup:listBackupVaults"", ""backup:listProtectedResources"", ""backup:listRecoveryPointsByBackupVault"", ""backup:listRecoveryPointsByResource"", ""backup:listRestoreJobs"", ""backup:listTags"", ""batch:describeComputeEnvironments"", ""batch:describeJobDefinitions"", ""batch:describeJobQueues"", ""batch:describeJobs"", ""batch:listJobs"", ""budgets:viewBudget"", ""ce:getCostAndUsage"", ""ce:getDimensionValues"", ""ce:getReservationCoverage"", ""ce:getReservationUtilization"", ""ce:getTags"", ""cloud9:describeEnvironmentMemberships"", ""cloud9:describeEnvironments"", ""cloud9:listEnvironments"", ""clouddirectory:getDirectory"", ""clouddirectory:listDirectories"", ""cloudformation:describeAccountLimits"", ""cloudformation:describeChangeSet"", ""cloudformation:describeStackEvents"", ""cloudformation:describeStackInstance"", ""cloudformation:describeStackResource"", ""cloudformation:describeStackResources"", ""cloudformation:describeStackSet"", ""cloudformation:describeStackSetOperation"", ""cloudformation:describeStacks"", ""cloudformation:estimateTemplateCost"", ""cloudformation:getStackPolicy"", ""cloudformation:getTemplate"", ""cloudformation:getTemplateSummary"", ""cloudformation:listChangeSets"", ""cloudformation:listExports"", ""cloudformation:listImports"", ""cloudformation:listStackInstances"", ""cloudformation:listStackResources"", ""cloudformation:listStackSetOperationResults"", ""cloudformation:listStackSetOperations"", ""cloudformation:listStackSets"", ""cloudformation:listStacks"", ""cloudfront:getCloudFrontOriginAccessIdentity"", ""cloudfront:getCloudFrontOriginAccessIdentityConfig"", ""cloudfront:getDistribution"", ""cloudfront:getDistributionConfig"", ""cloudfront:getInvalidation"", ""cloudfront:getStreamingDistribution"", ""cloudfront:getStreamingDistributionConfig"", ""cloudfront:listCloudFrontOriginAccessIdentities"", ""cloudfront:listDistributions"", ""cloudfront:listDistributionsByWebACLId"", ""cloudfront:listInvalidations"", ""cloudfront:listStreamingDistributions"", ""cloudhsm:describeBackups"", ""cloudhsm:describeClusters"", ""cloudsearch:describeAnalysisSchemes"", ""cloudsearch:describeAvailabilityOptions"", ""cloudsearch:describeDomains"", ""cloudsearch:describeExpressions"", ""cloudsearch:describeIndexFields"", ""cloudsearch:describeScalingParameters"", ""cloudsearch:describeServiceAccessPolicies"", ""cloudsearch:describeSuggesters"", ""cloudsearch:listDomainNames"", ""cloudtrail:describeTrails"", ""cloudtrail:getEventSelectors"", ""cloudtrail:getInsightSelectors"", ""cloudtrail:getTrail"", ""cloudtrail:getTrailStatus"", ""cloudtrail:listPublicKeys"", ""cloudtrail:listTags"", ""cloudtrail:listTrails"", ""cloudtrail:lookupEvents"", ""cloudwatch:describeAlarmHistory"", ""cloudwatch:describeAlarms"", ""cloudwatch:describeAlarmsForMetric"", ""cloudwatch:getDashboard"", ""cloudwatch:getMetricData"", ""cloudwatch:getMetricStatistics"", ""cloudwatch:listDashboards"", ""cloudwatch:listMetrics"", ""codebuild:batchGetBuilds"", ""codebuild:batchGetProjects"", ""codebuild:listBuilds"", ""codebuild:listBuildsForProject"", ""codebuild:listCuratedEnvironmentImages"", ""codebuild:listProjects"", ""codebuild:listSourceCredentials"", ""codecommit:batchGetRepositories"", ""codecommit:getBranch"", ""codecommit:getRepository"", ""codecommit:getRepositoryTriggers"", ""codecommit:listBranches"", ""codecommit:listRepositories"", ""codedeploy:batchGetApplicationRevisions"", ""codedeploy:batchGetApplications"", ""codedeploy:batchGetDeploymentGroups"", ""codedeploy:batchGetDeploymentInstances"", ""codedeploy:batchGetDeployments"", ""codedeploy:batchGetOnPremisesInstances"", ""codedeploy:getApplication"", ""codedeploy:getApplicationRevision"", ""codedeploy:getDeployment"", ""codedeploy:getDeploymentConfig"", ""codedeploy:getDeploymentGroup"", ""codedeploy:getDeploymentInstance"", ""codedeploy:getOnPremisesInstance"", ""codedeploy:listApplicationRevisions"", ""codedeploy:listApplications"", ""codedeploy:listDeploymentConfigs"", ""codedeploy:listDeploymentGroups"", ""codedeploy:listDeploymentInstances"", ""codedeploy:listDeployments"", ""codedeploy:listOnPremisesInstances"", ""codepipeline:getJobDetails"", ""codepipeline:getPipeline"", ""codepipeline:getPipelineExecution"", ""codepipeline:getPipelineState"", ""codepipeline:listActionTypes"", ""codepipeline:listPipelines"", ""codestar:describeProject"", ""codestar:listProjects"", ""codestar:listResources"", ""codestar:listTeamMembers"", ""codestar:listUserProfiles"", ""cognito-identity:describeIdentityPool"", ""cognito-identity:getIdentityPoolRoles"", ""cognito-identity:listIdentities"", ""cognito-identity:listIdentityPools"", ""cognito-idp:adminGetUser"", ""cognito-idp:describeIdentityProvider"", ""cognito-idp:describeResourceServer"", ""cognito-idp:describeRiskConfiguration"", ""cognito-idp:describeUserImportJob"", ""cognito-idp:describeUserPool"", ""cognito-idp:describeUserPoolClient"", ""cognito-idp:describeUserPoolDomain"", ""cognito-idp:getGroup"", ""cognito-idp:getUICustomization"", ""cognito-idp:getUser"", ""cognito-idp:getUserPoolMfaConfig"", ""cognito-idp:listGroups"", ""cognito-idp:listIdentityProviders"", ""cognito-idp:listResourceServers"", ""cognito-idp:listUserImportJobs"", ""cognito-idp:listUserPoolClients"", ""cognito-idp:listUserPools"", ""cognito-sync:describeDataset"", ""cognito-sync:describeIdentityPoolUsage"", ""cognito-sync:describeIdentityUsage"", ""cognito-sync:getCognitoEvents"", ""cognito-sync:getIdentityPoolConfiguration"", ""cognito-sync:listDatasets"", ""cognito-sync:listIdentityPoolUsage"", ""config:describeConfigRuleEvaluationStatus"", ""config:describeConfigRules"", ""config:describeConfigurationRecorderStatus"", ""config:describeConfigurationRecorders"", ""config:describeDeliveryChannelStatus"", ""config:describeDeliveryChannels"", ""config:getResourceConfigHistory"", ""config:listDiscoveredResources"", ""connect:describeUser"", ""connect:getCurrentMetricData"", ""connect:getMetricData"", ""connect:listRoutingProfiles"", ""connect:listSecurityProfiles"", ""connect:listUsers"", ""controltower:describeAccountFactoryConfig"", ""controltower:describeCoreService"", ""controltower:describeGuardrail"", ""controltower:describeGuardrailForTarget"", ""controltower:describeManagedAccount"", ""controltower:describeSingleSignOn"", ""controltower:getAvailableUpdates"", ""controltower:getHomeRegion"", ""controltower:getLandingZoneStatus"", ""controltower:listDirectoryGroups"", ""controltower:listGuardrailForTarget"", ""controltower:listGuardrailViolations"", ""controltower:listManagedAccounts"", ""controltower:listManagedAccountsForGuardrail"", ""controltower:listManagedAccountsForParent"", ""controltower:listManagedOrganizationalUnits"", ""controltower:listManagedOrganizationalUnitsForGuardrail"", ""datapipeline:describeObjects"", ""datapipeline:describePipelines"", ""datapipeline:getPipelineDefinition"", ""datapipeline:listPipelines"", ""datapipeline:queryObjects"", ""datasync:describeAgent"", ""datasync:describeLocationEfs"", ""datasync:describeLocationFsxWindows"", ""datasync:describeLocationNfs"", ""datasync:describeLocationS3"", ""datasync:describeLocationSmb"", ""datasync:describeTask"", ""datasync:describeTaskExecution"", ""datasync:listAgents"", ""datasync:listLocations"", ""datasync:listTaskExecutions"", ""datasync:listTasks"", ""dax:describeClusters"", ""dax:describeDefaultParameters"", ""dax:describeEvents"", ""dax:describeParameterGroups"", ""dax:describeParameters"", ""dax:describeSubnetGroups"", ""devicefarm:getAccountSettings"", ""devicefarm:getDevice"", ""devicefarm:getDevicePool"", ""devicefarm:getDevicePoolCompatibility"", ""devicefarm:getJob"", ""devicefarm:getProject"", ""devicefarm:getRemoteAccessSession"", ""devicefarm:getRun"", ""devicefarm:getSuite"", ""devicefarm:getTest"", ""devicefarm:getUpload"", ""devicefarm:listArtifacts"", ""devicefarm:listDevicePools"", ""devicefarm:listDevices"", ""devicefarm:listJobs"", ""devicefarm:listProjects"", ""devicefarm:listRemoteAccessSessions"", ""devicefarm:listRuns"", ""devicefarm:listSamples"", ""devicefarm:listSuites"", ""devicefarm:listTests"", ""devicefarm:listUniqueProblems"", ""devicefarm:listUploads"", ""directconnect:describeConnections"", ""directconnect:describeConnectionsOnInterconnect"", ""directconnect:describeInterconnects"", ""directconnect:describeLocations"", ""directconnect:describeVirtualGateways"", ""directconnect:describeVirtualInterfaces"", ""dlm:getLifecyclePolicies"", ""dlm:getLifecyclePolicy"", ""dms:describeAccountAttributes"", ""dms:describeConnections"", ""dms:describeEndpointTypes"", ""dms:describeEndpoints"", ""dms:describeOrderableReplicationInstances"", ""dms:describeRefreshSchemasStatus"", ""dms:describeReplicationInstances"", ""dms:describeReplicationSubnetGroups"", ""ds:describeConditionalForwarders"", ""ds:describeDirectories"", ""ds:describeEventTopics"", ""ds:describeSnapshots"", ""ds:describeTrusts"", ""ds:getDirectoryLimits"", ""ds:getSnapshotLimits"", ""ds:listIpRoutes"", ""ds:listSchemaExtensions"", ""ds:listTagsForResource"", ""dynamodb:describeBackup"", ""dynamodb:describeContinuousBackups"", ""dynamodb:describeGlobalTable"", ""dynamodb:describeLimits"", ""dynamodb:describeStream"", ""dynamodb:describeTable"", ""dynamodb:describeTimeToLive"", ""dynamodb:listBackups"", ""dynamodb:listGlobalTables"", ""dynamodb:listStreams"", ""dynamodb:listTables"", ""dynamodb:listTagsOfResource"", ""ec2:acceptReservedInstancesExchangeQuote"", ""ec2:cancelReservedInstancesListing"", ""ec2:createReservedInstancesListing"", ""ec2:describeAccountAttributes"", ""ec2:describeAddresses"", ""ec2:describeAvailabilityZones"", ""ec2:describeBundleTasks"", ""ec2:describeByoipCidrs"", ""ec2:describeCapacityReservations"", ""ec2:describeClassicLinkInstances"", ""ec2:describeClientVpnAuthorizationRules"", ""ec2:describeClientVpnConnections"", ""ec2:describeClientVpnEndpoints"", ""ec2:describeClientVpnRoutes"", ""ec2:describeClientVpnTargetNetworks"", ""ec2:describeConversionTasks"", ""ec2:describeCustomerGateways"", ""ec2:describeDhcpOptions"", ""ec2:describeElasticGpus"", ""ec2:describeExportTasks"", ""ec2:describeFastSnapshotRestores"", ""ec2:describeFleetHistory"", ""ec2:describeFleetInstances"", ""ec2:describeFleets"", ""ec2:describeFlowLogs"", ""ec2:describeHostReservationOfferings"", ""ec2:describeHostReservations"", ""ec2:describeHosts"", ""ec2:describeIdFormat"", ""ec2:describeIdentityIdFormat"", ""ec2:describeImageAttribute"", ""ec2:describeImages"", ""ec2:describeImportImageTasks"", ""ec2:describeImportSnapshotTasks"", ""ec2:describeInstanceAttribute"", ""ec2:describeInstanceStatus"", ""ec2:describeInstances"", ""ec2:describeInternetGateways"", ""ec2:describeKeyPairs"", ""ec2:describeLaunchTemplateVersions"", ""ec2:describeLaunchTemplates"", ""ec2:describeMovingAddresses"", ""ec2:describeNatGateways"", ""ec2:describeNetworkAcls"", ""ec2:describeNetworkInterfaceAttribute"", ""ec2:describeNetworkInterfaces"", ""ec2:describePlacementGroups"", ""ec2:describePrefixLists"", ""ec2:describePublicIpv4Pools"", ""ec2:describeRegions"", ""ec2:describeReservedInstances"", ""ec2:describeReservedInstancesListings"", ""ec2:describeReservedInstancesModifications"", ""ec2:describeReservedInstancesOfferings"", ""ec2:describeRouteTables"", ""ec2:describeScheduledInstances"", ""ec2:describeSecurityGroups"", ""ec2:describeSnapshotAttribute"", ""ec2:describeSnapshots"", ""ec2:describeSpotDatafeedSubscription"", ""ec2:describeSpotFleetInstances"", ""ec2:describeSpotFleetRequestHistory"", ""ec2:describeSpotFleetRequests"", ""ec2:describeSpotInstanceRequests"", ""ec2:describeSpotPriceHistory"", ""ec2:describeSubnets"", ""ec2:describeTags"", ""ec2:describeTrafficMirrorFilters"", ""ec2:describeTrafficMirrorSessions"", ""ec2:describeTrafficMirrorTargets"", ""ec2:describeTransitGatewayAttachments"", ""ec2:describeTransitGatewayRouteTables"", ""ec2:describeTransitGatewayVpcAttachments"", ""ec2:describeTransitGateways"", ""ec2:describeVolumeAttribute"", ""ec2:describeVolumeStatus"", ""ec2:describeVolumes"", ""ec2:describeVolumesModifications"", ""ec2:describeVpcAttribute"", ""ec2:describeVpcClassicLink"", ""ec2:describeVpcClassicLinkDnsSupport"", ""ec2:describeVpcEndpointConnectionNotifications"", ""ec2:describeVpcEndpointConnections"", ""ec2:describeVpcEndpointServiceConfigurations"", ""ec2:describeVpcEndpointServicePermissions"", ""ec2:describeVpcEndpointServices"", ""ec2:describeVpcEndpoints"", ""ec2:describeVpcPeeringConnections"", ""ec2:describeVpcs"", ""ec2:describeVpnConnections"", ""ec2:describeVpnGateways"", ""ec2:getConsoleScreenshot"", ""ec2:getReservedInstancesExchangeQuote"", ""ec2:getTransitGatewayAttachmentPropagations"", ""ec2:getTransitGatewayRouteTableAssociations"", ""ec2:getTransitGatewayRouteTablePropagations"", ""ec2:modifyReservedInstances"", ""ec2:purchaseReservedInstancesOffering"", ""ecr:batchCheckLayerAvailability"", ""ecr:describeImages"", ""ecr:describeRepositories"", ""ecr:getRepositoryPolicy"", ""ecr:listImages"", ""ecs:describeClusters"", ""ecs:describeContainerInstances"", ""ecs:describeServices"", ""ecs:describeTaskDefinition"", ""ecs:describeTasks"", ""ecs:listClusters"", ""ecs:listContainerInstances"", ""ecs:listServices"", ""ecs:listTaskDefinitions"", ""ecs:listTasks"", ""eks:describeCluster"", ""eks:describeUpdate"", ""eks:listClusters"", ""eks:listUpdates"", ""elasticache:describeCacheClusters"", ""elasticache:describeCacheEngineVersions"", ""elasticache:describeCacheParameterGroups"", ""elasticache:describeCacheParameters"", ""elasticache:describeCacheSecurityGroups"", ""elasticache:describeCacheSubnetGroups"", ""elasticache:describeEngineDefaultParameters"", ""elasticache:describeEvents"", ""elasticache:describeReplicationGroups"", ""elasticache:describeReservedCacheNodes"", ""elasticache:describeReservedCacheNodesOfferings"", ""elasticache:describeSnapshots"", ""elasticache:listAllowedNodeTypeModifications"", ""elasticache:listTagsForResource"", ""elasticbeanstalk:checkDNSAvailability"", ""elasticbeanstalk:describeApplicationVersions"", ""elasticbeanstalk:describeApplications"", ""elasticbeanstalk:describeConfigurationOptions"", ""elasticbeanstalk:describeConfigurationSettings"", ""elasticbeanstalk:describeEnvironmentHealth"", ""elasticbeanstalk:describeEnvironmentManagedActionHistory"", ""elasticbeanstalk:describeEnvironmentManagedActions"", ""elasticbeanstalk:describeEnvironmentResources"", ""elasticbeanstalk:describeEnvironments"", ""elasticbeanstalk:describeEvents"", ""elasticbeanstalk:describeInstancesHealth"", ""elasticbeanstalk:describePlatformVersion"", ""elasticbeanstalk:listAvailableSolutionStacks"", ""elasticbeanstalk:listPlatformVersions"", ""elasticbeanstalk:validateConfigurationSettings"", ""elasticfilesystem:describeFileSystems"", ""elasticfilesystem:describeLifecycleConfiguration"", ""elasticfilesystem:describeMountTargetSecurityGroups"", ""elasticfilesystem:describeMountTargets"", ""elasticfilesystem:describeTags"", ""elasticloadbalancing:describeInstanceHealth"", ""elasticloadbalancing:describeListenerCertificates"", ""elasticloadbalancing:describeListeners"", ""elasticloadbalancing:describeLoadBalancerAttributes"", ""elasticloadbalancing:describeLoadBalancerPolicies"", ""elasticloadbalancing:describeLoadBalancerPolicyTypes"", ""elasticloadbalancing:describeLoadBalancers"", ""elasticloadbalancing:describeRules"", ""elasticloadbalancing:describeSSLPolicies"", ""elasticloadbalancing:describeTags"", ""elasticloadbalancing:describeTargetGroupAttributes"", ""elasticloadbalancing:describeTargetGroups"", ""elasticloadbalancing:describeTargetHealth"", ""elasticmapreduce:describeCluster"", ""elasticmapreduce:describeSecurityConfiguration"", ""elasticmapreduce:describeStep"", ""elasticmapreduce:listBootstrapActions"", ""elasticmapreduce:listClusters"", ""elasticmapreduce:listInstanceGroups"", ""elasticmapreduce:listInstances"", ""elasticmapreduce:listSecurityConfigurations"", ""elasticmapreduce:listSteps"", ""elastictranscoder:listJobsByPipeline"", ""elastictranscoder:listJobsByStatus"", ""elastictranscoder:listPipelines"", ""elastictranscoder:listPresets"", ""elastictranscoder:readPipeline"", ""elastictranscoder:readPreset"", ""es:describeElasticsearchDomain"", ""es:describeElasticsearchDomainConfig"", ""es:describeElasticsearchDomains"", ""es:listDomainNames"", ""es:listTags"", ""events:describeEventBus"", ""events:describeRule"", ""events:listRuleNamesByTarget"", ""events:listRules"", ""events:listTargetsByRule"", ""events:testEventPattern"", ""firehose:describeDeliveryStream"", ""firehose:listDeliveryStreams"", ""fms:getAdminAccount"", ""fms:getComplianceDetail"", ""fms:getNotificationChannel"", ""fms:getPolicy"", ""fms:getProtectionStatus"", ""fms:listComplianceStatus"", ""fms:listMemberAccounts"", ""fms:listPolicies"", ""forecast:describeDataset"", ""forecast:describeDatasetGroup"", ""forecast:describeDatasetImportJob"", ""forecast:describeForecast"", ""forecast:describeForecastExportJob"", ""forecast:describePredictor"", ""forecast:getAccuracyMetrics"", ""forecast:listDatasetGroups"", ""forecast:listDatasetImportJobs"", ""forecast:listDatasets"", ""forecast:listForecastExportJobs"", ""forecast:listForecasts"", ""forecast:listPredictors"", ""fsx:describeBackups"", ""fsx:describeFileSystems"", ""fsx:listTagsForResource"", ""glacier:describeJob"", ""glacier:describeVault"", ""glacier:getDataRetrievalPolicy"", ""glacier:getVaultAccessPolicy"", ""glacier:getVaultLock"", ""glacier:getVaultNotifications"", ""glacier:listJobs"", ""glacier:listTagsForVault"", ""glacier:listVaults"", ""globalaccelerator:describeAccelerator"", ""globalaccelerator:describeAcceleratorAttributes"", ""globalaccelerator:describeEndpointGroup"", ""globalaccelerator:describeListener"", ""globalaccelerator:listAccelerators"", ""globalaccelerator:listEndpointGroups"", ""globalaccelerator:listListeners"", ""glue:batchGetPartition"", ""glue:getCatalogImportStatus"", ""glue:getClassifier"", ""glue:getClassifiers"", ""glue:getCrawler"", ""glue:getCrawlerMetrics"", ""glue:getCrawlers"", ""glue:getDatabase"", ""glue:getDatabases"", ""glue:getDataflowGraph"", ""glue:getDevEndpoint"", ""glue:getDevEndpoints"", ""glue:getJob"", ""glue:getJobRun"", ""glue:getJobRuns"", ""glue:getJobs"", ""glue:getMapping"", ""glue:getPartition"", ""glue:getPartitions"", ""glue:getTable"", ""glue:getTableVersions"", ""glue:getTables"", ""glue:getTrigger"", ""glue:getTriggers"", ""glue:getUserDefinedFunction"", ""glue:getUserDefinedFunctions"", ""greengrass:getConnectivityInfo"", ""greengrass:getCoreDefinition"", ""greengrass:getCoreDefinitionVersion"", ""greengrass:getDeploymentStatus"", ""greengrass:getDeviceDefinition"", ""greengrass:getDeviceDefinitionVersion"", ""greengrass:getFunctionDefinition"", ""greengrass:getFunctionDefinitionVersion"", ""greengrass:getGroup"", ""greengrass:getGroupCertificateAuthority"", ""greengrass:getGroupVersion"", ""greengrass:getLoggerDefinition"", ""greengrass:getLoggerDefinitionVersion"", ""greengrass:getResourceDefinitionVersion"", ""greengrass:getServiceRoleForAccount"", ""greengrass:getSubscriptionDefinition"", ""greengrass:getSubscriptionDefinitionVersion"", ""greengrass:listCoreDefinitionVersions"", ""greengrass:listCoreDefinitions"", ""greengrass:listDeployments"", ""greengrass:listDeviceDefinitionVersions"", ""greengrass:listDeviceDefinitions"", ""greengrass:listFunctionDefinitionVersions"", ""greengrass:listFunctionDefinitions"", ""greengrass:listGroupVersions"", ""greengrass:listGroups"", ""greengrass:listLoggerDefinitionVersions"", ""greengrass:listLoggerDefinitions"", ""greengrass:listResourceDefinitionVersions"", ""greengrass:listResourceDefinitions"", ""greengrass:listSubscriptionDefinitionVersions"", ""greengrass:listSubscriptionDefinitions"", ""guardduty:getDetector"", ""guardduty:getFindings"", ""guardduty:getFindingsStatistics"", ""guardduty:getIPSet"", ""guardduty:getInvitationsCount"", ""guardduty:getMasterAccount"", ""guardduty:getMembers"", ""guardduty:getThreatIntelSet"", ""guardduty:listDetectors"", ""guardduty:listFindings"", ""guardduty:listIPSets"", ""guardduty:listInvitations"", ""guardduty:listMembers"", ""guardduty:listThreatIntelSets"", ""health:describeAffectedEntities"", ""health:describeEntityAggregates"", ""health:describeEventAggregates"", ""health:describeEventDetails"", ""health:describeEventTypes"", ""health:describeEvents"", ""iam:getAccessKeyLastUsed"", ""iam:getAccountAuthorizationDetails"", ""iam:getAccountPasswordPolicy"", ""iam:getAccountSummary"", ""iam:getContextKeysForCustomPolicy"", ""iam:getContextKeysForPrincipalPolicy"", ""iam:getCredentialReport"", ""iam:getGroup"", ""iam:getGroupPolicy"", ""iam:getInstanceProfile"", ""iam:getLoginProfile"", ""iam:getOpenIDConnectProvider"", ""iam:getPolicy"", ""iam:getPolicyVersion"", ""iam:getRole"", ""iam:getRolePolicy"", ""iam:getSAMLProvider"", ""iam:getSSHPublicKey"", ""iam:getServerCertificate"", ""iam:getUser"", ""iam:getUserPolicy"", ""iam:listAccessKeys"", ""iam:listAccountAliases"", ""iam:listAttachedGroupPolicies"", ""iam:listAttachedRolePolicies"", ""iam:listAttachedUserPolicies"", ""iam:listEntitiesForPolicy"", ""iam:listGroupPolicies"", ""iam:listGroups"", ""iam:listGroupsForUser"", ""iam:listInstanceProfiles"", ""iam:listInstanceProfilesForRole"", ""iam:listMFADevices"", ""iam:listOpenIDConnectProviders"", ""iam:listPolicies"", ""iam:listPolicyVersions"", ""iam:listRolePolicies"", ""iam:listRoles"", ""iam:listSAMLProviders"", ""iam:listSSHPublicKeys"", ""iam:listServerCertificates"", ""iam:listSigningCertificates"", ""iam:listUserPolicies"", ""iam:listUsers"", ""iam:listVirtualMFADevices"", ""iam:simulateCustomPolicy"", ""iam:simulatePrincipalPolicy"", ""imagebuilder:getComponent"", ""imagebuilder:getComponentPolicy"", ""imagebuilder:getDistributionConfiguration"", ""imagebuilder:getImage"", ""imagebuilder:getImagePipeline"", ""imagebuilder:getImagePolicy"", ""imagebuilder:getImageRecipe"", ""imagebuilder:getImageRecipePolicy"", ""imagebuilder:getInfrastructureConfiguration"", ""imagebuilder:listComponentBuildVersions"", ""imagebuilder:listComponents"", ""imagebuilder:listDistributionConfigurations"", ""imagebuilder:listImageBuildVersions"", ""imagebuilder:listImagePipelineImages"", ""imagebuilder:listImagePipelines"", ""imagebuilder:listImageRecipes"", ""imagebuilder:listImages"", ""imagebuilder:listInfrastructureConfigurations"", ""imagebuilder:listTagsForResource"", ""importexport:getStatus"", ""importexport:listJobs"", ""inspector:describeAssessmentRuns"", ""inspector:describeAssessmentTargets"", ""inspector:describeAssessmentTemplates"", ""inspector:describeCrossAccountAccessRole"", ""inspector:describeResourceGroups"", ""inspector:describeRulesPackages"", ""inspector:getTelemetryMetadata"", ""inspector:listAssessmentRunAgents"", ""inspector:listAssessmentRuns"", ""inspector:listAssessmentTargets"", ""inspector:listAssessmentTemplates"", ""inspector:listEventSubscriptions"", ""inspector:listRulesPackages"", ""inspector:listTagsForResource"", ""iot:describeAuthorizer"", ""iot:describeCACertificate"", ""iot:describeCertificate"", ""iot:describeDefaultAuthorizer"", ""iot:describeEndpoint"", ""iot:describeIndex"", ""iot:describeJobExecution"", ""iot:describeThing"", ""iot:describeThingGroup"", ""iot:getEffectivePolicies"", ""iot:getIndexingConfiguration"", ""iot:getLoggingOptions"", ""iot:getPolicy"", ""iot:getPolicyVersion"", ""iot:getTopicRule"", ""iot:getV2LoggingOptions"", ""iot:listAttachedPolicies"", ""iot:listAuthorizers"", ""iot:listCACertificates"", ""iot:listCertificates"", ""iot:listCertificatesByCA"", ""iot:listJobExecutionsForJob"", ""iot:listJobExecutionsForThing"", ""iot:listJobs"", ""iot:listOutgoingCertificates"", ""iot:listPolicies"", ""iot:listPolicyPrincipals"", ""iot:listPolicyVersions"", ""iot:listPrincipalPolicies"", ""iot:listPrincipalThings"", ""iot:listRoleAliases"", ""iot:listTargetsForPolicy"", ""iot:listThingGroups"", ""iot:listThingGroupsForThing"", ""iot:listThingPrincipals"", ""iot:listThingRegistrationTasks"", ""iot:listThingTypes"", ""iot:listThings"", ""iot:listTopicRules"", ""iot:listV2LoggingLevels"", ""iotevents:describeDetector"", ""iotevents:describeDetectorModel"", ""iotevents:describeInput"", ""iotevents:describeLoggingOptions"", ""iotevents:listDetectorModelVersions"", ""iotevents:listDetectorModels"", ""iotevents:listDetectors"", ""iotevents:listInputs"", ""kafka:describeCluster"", ""kafka:getBootstrapBrokers"", ""kafka:listClusters"", ""kafka:listNodes"", ""kendra:describeDataSource"", ""kendra:describeFaq"", ""kendra:describeIndex"", ""kendra:getDataSourceSyncJobHistory"", ""kendra:listDataSources"", ""kendra:listFaqs"", ""kendra:listIndices"", ""kinesis:describeStream"", ""kinesis:listStreams"", ""kinesis:listTagsForStream"", ""kinesisanalytics:describeApplication"", ""kinesisanalytics:listApplications"", ""kms:describeKey"", ""kms:getKeyPolicy"", ""kms:getKeyRotationStatus"", ""kms:listAliases"", ""kms:listGrants"", ""kms:listKeyPolicies"", ""kms:listKeys"", ""kms:listResourceTags"", ""kms:listRetirableGrants"", ""lambda:getAccountSettings"", ""lambda:getAlias"", ""lambda:getEventSourceMapping"", ""lambda:getFunction"", ""lambda:getFunctionConcurrency"", ""lambda:getFunctionConfiguration"", ""lambda:getFunctionEventInvokeConfig"", ""lambda:getLayerVersion"", ""lambda:getLayerVersionPolicy"", ""lambda:getPolicy"", ""lambda:getProvisionedConcurrencyConfig"", ""lambda:listAliases"", ""lambda:listEventSourceMappings"", ""lambda:listFunctionEventInvokeConfigs"", ""lambda:listFunctions"", ""lambda:listLayerVersions"", ""lambda:listLayers"", ""lambda:listProvisionedConcurrencyConfigs"", ""lambda:listVersionsByFunction"", ""launchwizard:describeProvisionedApp"", ""launchwizard:describeProvisioningEvents"", ""launchwizard:listProvisionedApps"", ""lex:getBot"", ""lex:getBotAlias"", ""lex:getBotAliases"", ""lex:getBotChannelAssociation"", ""lex:getBotChannelAssociations"", ""lex:getBotVersions"", ""lex:getBots"", ""lex:getBuiltinIntent"", ""lex:getBuiltinIntents"", ""lex:getBuiltinSlotTypes"", ""lex:getIntent"", ""lex:getIntentVersions"", ""lex:getIntents"", ""lex:getSlotType"", ""lex:getSlotTypeVersions"", ""lex:getSlotTypes"", ""lightsail:getActiveNames"", ""lightsail:getBlueprints"", ""lightsail:getBundles"", ""lightsail:getDomain"", ""lightsail:getDomains"", ""lightsail:getInstance"", ""lightsail:getInstanceMetricData"", ""lightsail:getInstancePortStates"", ""lightsail:getInstanceSnapshot"", ""lightsail:getInstanceSnapshots"", ""lightsail:getInstanceState"", ""lightsail:getInstances"", ""lightsail:getKeyPair"", ""lightsail:getKeyPairs"", ""lightsail:getOperation"", ""lightsail:getOperations"", ""lightsail:getOperationsForResource"", ""lightsail:getRegions"", ""lightsail:getStaticIp"", ""lightsail:getStaticIps"", ""logs:describeDestinations"", ""logs:describeExportTasks"", ""logs:describeLogGroups"", ""logs:describeLogStreams"", ""logs:describeMetricFilters"", ""logs:describeQueries"", ""logs:describeSubscriptionFilters"", ""logs:testMetricFilter"", ""machinelearning:describeBatchPredictions"", ""machinelearning:describeDataSources"", ""machinelearning:describeEvaluations"", ""machinelearning:describeMLModels"", ""machinelearning:getBatchPrediction"", ""machinelearning:getDataSource"", ""machinelearning:getEvaluation"", ""machinelearning:getMLModel"", ""managedblockchain:getMember"", ""managedblockchain:getNetwork"", ""managedblockchain:getNode"", ""managedblockchain:listMembers"", ""managedblockchain:listNetworks"", ""managedblockchain:listNodes"", ""mediaconvert:describeEndpoints"", ""mediaconvert:getJob"", ""mediaconvert:getJobTemplate"", ""mediaconvert:getPreset"", ""mediaconvert:getQueue"", ""mediaconvert:listJobTemplates"", ""mediaconvert:listJobs"", ""medialive:describeChannel"", ""medialive:describeInput"", ""medialive:describeInputSecurityGroup"", ""medialive:describeOffering"", ""medialive:describeReservation"", ""medialive:describeSchedule"", ""medialive:listChannels"", ""medialive:listInputSecurityGroups"", ""medialive:listInputs"", ""medialive:listOfferings"", ""medialive:listReservations"", ""mediapackage:describeChannel"", ""mediapackage:describeOriginEndpoint"", ""mediapackage:listChannels"", ""mediapackage:listOriginEndpoints"", ""mediastore:describeContainer"", ""mediastore:describeObject"", ""mediastore:getContainerPolicy"", ""mediastore:getCorsPolicy"", ""mediastore:listContainers"", ""mediastore:listItems"", ""mediatailor:getPlaybackConfiguration"", ""mediatailor:listPlaybackConfigurations"", ""mobiletargeting:getAdmChannel"", ""mobiletargeting:getApnsChannel"", ""mobiletargeting:getApnsSandboxChannel"", ""mobiletargeting:getApnsVoipChannel"", ""mobiletargeting:getApnsVoipSandboxChannel"", ""mobiletargeting:getApp"", ""mobiletargeting:getApplicationSettings"", ""mobiletargeting:getApps"", ""mobiletargeting:getBaiduChannel"", ""mobiletargeting:getCampaign"", ""mobiletargeting:getCampaignActivities"", ""mobiletargeting:getCampaignVersion"", ""mobiletargeting:getCampaignVersions"", ""mobiletargeting:getCampaigns"", ""mobiletargeting:getEmailChannel"", ""mobiletargeting:getEndpoint"", ""mobiletargeting:getEventStream"", ""mobiletargeting:getExportJob"", ""mobiletargeting:getExportJobs"", ""mobiletargeting:getGcmChannel"", ""mobiletargeting:getImportJob"", ""mobiletargeting:getImportJobs"", ""mobiletargeting:getSegment"", ""mobiletargeting:getSegmentImportJobs"", ""mobiletargeting:getSegmentVersion"", ""mobiletargeting:getSegmentVersions"", ""mobiletargeting:getSegments"", ""mobiletargeting:getSmsChannel"", ""mq:describeBroker"", ""mq:describeConfiguration"", ""mq:describeConfigurationRevision"", ""mq:describeUser"", ""mq:listBrokers"", ""mq:listConfigurationRevisions"", ""mq:listConfigurations"", ""mq:listUsers"", ""opsworks-cm:describeAccountAttributes"", ""opsworks-cm:describeBackups"", ""opsworks-cm:describeEvents"", ""opsworks-cm:describeNodeAssociationStatus"", ""opsworks-cm:describeServers"", ""opsworks:describeAgentVersions"", ""opsworks:describeApps"", ""opsworks:describeCommands"", ""opsworks:describeDeployments"", ""opsworks:describeEcsClusters"", ""opsworks:describeElasticIps"", ""opsworks:describeElasticLoadBalancers"", ""opsworks:describeInstances"", ""opsworks:describeLayers"", ""opsworks:describeLoadBasedAutoScaling"", ""opsworks:describeMyUserProfile"", ""opsworks:describePermissions"", ""opsworks:describeRaidArrays"", ""opsworks:describeRdsDbInstances"", ""opsworks:describeServiceErrors"", ""opsworks:describeStackProvisioningParameters"", ""opsworks:describeStackSummary"", ""opsworks:describeStacks"", ""opsworks:describeTimeBasedAutoScaling"", ""opsworks:describeUserProfiles"", ""opsworks:describeVolumes"", ""opsworks:getHostnameSuggestion"", ""personalize:describeAlgorithm"", ""personalize:describeCampaign"", ""personalize:describeDataset"", ""personalize:describeDatasetGroup"", ""personalize:describeDatasetImportJob"", ""personalize:describeEventTracker"", ""personalize:describeFeatureTransformation"", ""personalize:describeRecipe"", ""personalize:describeSchema"", ""personalize:describeSolution"", ""personalize:describeSolutionVersion"", ""personalize:listCampaigns"", ""personalize:listDatasetGroups"", ""personalize:listDatasetImportJobs"", ""personalize:listDatasets"", ""personalize:listEventTrackers"", ""personalize:listRecipes"", ""personalize:listSchemas"", ""personalize:listSolutionVersions"", ""personalize:listSolutions"", ""polly:describeVoices"", ""polly:getLexicon"", ""polly:listLexicons"", ""pricing:describeServices"", ""pricing:getAttributeValues"", ""pricing:getProducts"", ""rds:describeAccountAttributes"", ""rds:describeCertificates"", ""rds:describeDBClusterParameterGroups"", ""rds:describeDBClusterParameters"", ""rds:describeDBClusterSnapshots"", ""rds:describeDBClusters"", ""rds:describeDBEngineVersions"", ""rds:describeDBInstances"", ""rds:describeDBParameterGroups"", ""rds:describeDBParameters"", ""rds:describeDBSecurityGroups"", ""rds:describeDBSnapshotAttributes"", ""rds:describeDBSnapshots"", ""rds:describeDBSubnetGroups"", ""rds:describeEngineDefaultClusterParameters"", ""rds:describeEngineDefaultParameters"", ""rds:describeEventCategories"", ""rds:describeEventSubscriptions"", ""rds:describeEvents"", ""rds:describeOptionGroupOptions"", ""rds:describeOptionGroups"", ""rds:describeOrderableDBInstanceOptions"", ""rds:describePendingMaintenanceActions"", ""rds:describeReservedDBInstances"", ""rds:describeReservedDBInstancesOfferings"", ""rds:listTagsForResource"", ""redshift:describeClusterParameterGroups"", ""redshift:describeClusterParameters"", ""redshift:describeClusterSecurityGroups"", ""redshift:describeClusterSnapshots"", ""redshift:describeClusterSubnetGroups"", ""redshift:describeClusterVersions"", ""redshift:describeClusters"", ""redshift:describeDefaultClusterParameters"", ""redshift:describeEventCategories"", ""redshift:describeEventSubscriptions"", ""redshift:describeEvents"", ""redshift:describeHsmClientCertificates"", ""redshift:describeHsmConfigurations"", ""redshift:describeLoggingStatus"", ""redshift:describeOrderableClusterOptions"", ""redshift:describeReservedNodeOfferings"", ""redshift:describeReservedNodes"", ""redshift:describeResize"", ""redshift:describeSnapshotCopyGrants"", ""redshift:describeTableRestoreStatus"", ""redshift:describeTags"", ""rekognition:listCollections"", ""rekognition:listFaces"", ""robomaker:batchDescribeSimulationJob"", ""robomaker:describeDeploymentJob"", ""robomaker:describeFleet"", ""robomaker:describeRobot"", ""robomaker:describeRobotApplication"", ""robomaker:describeSimulationApplication"", ""robomaker:describeSimulationJob"", ""robomaker:listDeploymentJobs"", ""robomaker:listFleets"", ""robomaker:listRobotApplications"", ""robomaker:listRobots"", ""robomaker:listSimulationApplications"", ""robomaker:listSimulationJobs"", ""route53:getChange"", ""route53:getCheckerIpRanges"", ""route53:getGeoLocation"", ""route53:getHealthCheck"", ""route53:getHealthCheckCount"", ""route53:getHealthCheckLastFailureReason"", ""route53:getHealthCheckStatus"", ""route53:getHostedZone"", ""route53:getHostedZoneCount"", ""route53:getReusableDelegationSet"", ""route53:getTrafficPolicy"", ""route53:getTrafficPolicyInstance"", ""route53:getTrafficPolicyInstanceCount"", ""route53:listGeoLocations"", ""route53:listHealthChecks"", ""route53:listHostedZones"", ""route53:listHostedZonesByName"", ""route53:listResourceRecordSets"", ""route53:listReusableDelegationSets"", ""route53:listTagsForResource"", ""route53:listTagsForResources"", ""route53:listTrafficPolicies"", ""route53:listTrafficPolicyInstances"", ""route53:listTrafficPolicyInstancesByHostedZone"", ""route53:listTrafficPolicyInstancesByPolicy"", ""route53:listTrafficPolicyVersions"", ""route53domains:checkDomainAvailability"", ""route53domains:getContactReachabilityStatus"", ""route53domains:getDomainDetail"", ""route53domains:getOperationDetail"", ""route53domains:listDomains"", ""route53domains:listOperations"", ""route53domains:listTagsForDomain"", ""route53domains:viewBilling"", ""route53resolver:getResolverRulePolicy"", ""route53resolver:listResolverEndpointIpAddresses"", ""route53resolver:listResolverEndpoints"", ""route53resolver:listResolverRuleAssociations"", ""route53resolver:listResolverRules"", ""route53resolver:listTagsForResource"", ""s3:getAccelerateConfiguration"", ""s3:getAnalyticsConfiguration"", ""s3:getBucketAcl"", ""s3:getBucketCORS"", ""s3:getBucketLocation"", ""s3:getBucketLogging"", ""s3:getBucketNotification"", ""s3:getBucketPolicy"", ""s3:getBucketRequestPayment"", ""s3:getBucketTagging"", ""s3:getBucketVersioning"", ""s3:getBucketWebsite"", ""s3:getEncryptionConfiguration"", ""s3:getInventoryConfiguration"", ""s3:getLifecycleConfiguration"", ""s3:getMetricsConfiguration"", ""s3:getReplicationConfiguration"", ""s3:listAllMyBuckets"", ""s3:listBucket"", ""s3:listBucketMultipartUploads"", ""sagemaker:describeAlgorithm"", ""sagemaker:describeCompilationJob"", ""sagemaker:describeEndpoint"", ""sagemaker:describeEndpointConfig"", ""sagemaker:describeHyperParameterTuningJob"", ""sagemaker:describeLabelingJob"", ""sagemaker:describeModel"", ""sagemaker:describeModelPackage"", ""sagemaker:describeNotebookInstance"", ""sagemaker:describeNotebookInstanceLifecycleConfig"", ""sagemaker:describeTrainingJob"", ""sagemaker:describeTransformJob"", ""sagemaker:describeWorkteam"", ""sagemaker:listAlgorithms"", ""sagemaker:listCompilationJobs"", ""sagemaker:listEndpointConfigs"", ""sagemaker:listEndpoints"", ""sagemaker:listHyperParameterTuningJobs"", ""sagemaker:listLabelingJobs"", ""sagemaker:listLabelingJobsForWorkteam"", ""sagemaker:listModelPackages"", ""sagemaker:listModels"", ""sagemaker:listNotebookInstanceLifecycleConfigs"", ""sagemaker:listNotebookInstances"", ""sagemaker:listTags"", ""sagemaker:listTrainingJobs"", ""sagemaker:listTrainingJobsForHyperParameterTuningJob"", ""sagemaker:listTransformJobs"", ""sagemaker:listWorkteams"", ""sdb:domainMetadata"", ""sdb:listDomains"", ""secretsmanager:describeSecret"", ""secretsmanager:getResourcePolicy"", ""secretsmanager:listSecretVersionIds"", ""secretsmanager:listSecrets"", ""securityhub:getEnabledStandards"", ""securityhub:getFindings"", ""securityhub:getInsightResults"", ""securityhub:getInsights"", ""securityhub:getMasterAccount"", ""securityhub:getMembers"", ""securityhub:listEnabledProductsForImport"", ""securityhub:listInvitations"", ""securityhub:listMembers"", ""servicecatalog:describeConstraint"", ""servicecatalog:describePortfolio"", ""servicecatalog:describeProduct"", ""servicecatalog:describeProductAsAdmin"", ""servicecatalog:describeProductView"", ""servicecatalog:describeProvisioningArtifact"", ""servicecatalog:describeProvisioningParameters"", ""servicecatalog:describeRecord"", ""servicecatalog:listAcceptedPortfolioShares"", ""servicecatalog:listConstraintsForPortfolio"", ""servicecatalog:listLaunchPaths"", ""servicecatalog:listPortfolioAccess"", ""servicecatalog:listPortfolios"", ""servicecatalog:listPortfoliosForProduct"", ""servicecatalog:listPrincipalsForPortfolio"", ""servicecatalog:listProvisioningArtifacts"", ""servicecatalog:listRecordHistory"", ""servicecatalog:scanProvisionedProducts"", ""servicecatalog:searchProducts"", ""servicequotas:getAWSDefaultServiceQuota"", ""servicequotas:getAssociationForServiceQuotaTemplate"", ""servicequotas:getRequestedServiceQuotaChange"", ""servicequotas:getServiceQuota"", ""servicequotas:getServiceQuotaIncreaseRequestFromTemplate"", ""servicequotas:listAWSDefaultServiceQuotas"", ""servicequotas:listRequestedServiceQuotaChangeHistory"", ""servicequotas:listRequestedServiceQuotaChangeHistoryByQuota"", ""servicequotas:listServiceQuotaIncreaseRequestsInTemplate"", ""servicequotas:listServiceQuotas"", ""servicequotas:listServices"", ""ses:describeActiveReceiptRuleSet"", ""ses:describeReceiptRule"", ""ses:describeReceiptRuleSet"", ""ses:getIdentityDkimAttributes"", ""ses:getIdentityMailFromDomainAttributes"", ""ses:getIdentityNotificationAttributes"", ""ses:getIdentityPolicies"", ""ses:getIdentityVerificationAttributes"", ""ses:getSendQuota"", ""ses:getSendStatistics"", ""ses:listIdentities"", ""ses:listIdentityPolicies"", ""ses:listReceiptFilters"", ""ses:listReceiptRuleSets"", ""ses:listVerifiedEmailAddresses"", ""shield:describeAttack"", ""shield:describeProtection"", ""shield:describeSubscription"", ""shield:listAttacks"", ""shield:listProtections"", ""sms:getConnectors"", ""sms:getReplicationJobs"", ""sms:getReplicationRuns"", ""sms:getServers"", ""snowball:describeAddress"", ""snowball:describeAddresses"", ""snowball:describeJob"", ""snowball:getSnowballUsage"", ""snowball:listJobs"", ""sns:checkIfPhoneNumberIsOptedOut"", ""sns:getEndpointAttributes"", ""sns:getPlatformApplicationAttributes"", ""sns:getSMSAttributes"", ""sns:getSubscriptionAttributes"", ""sns:getTopicAttributes"", ""sns:listEndpointsByPlatformApplication"", ""sns:listPhoneNumbersOptedOut"", ""sns:listPlatformApplications"", ""sns:listSubscriptions"", ""sns:listSubscriptionsByTopic"", ""sns:listTopics"", ""sqs:getQueueAttributes"", ""sqs:getQueueUrl"", ""sqs:listDeadLetterSourceQueues"", ""sqs:listQueues"", ""ssm:describeActivations"", ""ssm:describeAssociation"", ""ssm:describeAssociationExecutionTargets"", ""ssm:describeAssociationExecutions"", ""ssm:describeAutomationExecutions"", ""ssm:describeAutomationStepExecutions"", ""ssm:describeAvailablePatches"", ""ssm:describeDocument"", ""ssm:describeDocumentPermission"", ""ssm:describeEffectiveInstanceAssociations"", ""ssm:describeEffectivePatchesForPatchBaseline"", ""ssm:describeInstanceAssociationsStatus"", ""ssm:describeInstanceInformation"", ""ssm:describeInstancePatchStates"", ""ssm:describeInstancePatchStatesForPatchGroup"", ""ssm:describeInstancePatches"", ""ssm:describeInventoryDeletions"", ""ssm:describeMaintenanceWindowExecutionTaskInvocations"", ""ssm:describeMaintenanceWindowExecutionTasks"", ""ssm:describeMaintenanceWindowExecutions"", ""ssm:describeMaintenanceWindowSchedule"", ""ssm:describeMaintenanceWindowTargets"", ""ssm:describeMaintenanceWindowTasks"", ""ssm:describeMaintenanceWindows"", ""ssm:describeMaintenanceWindowsForTarget"", ""ssm:describeParameters"", ""ssm:describePatchBaselines"", ""ssm:describePatchGroupState"", ""ssm:describePatchGroups"", ""ssm:describePatchProperties"", ""ssm:describeSessions"", ""ssm:getAutomationExecution"", ""ssm:getCommandInvocation"", ""ssm:getConnectionStatus"", ""ssm:getDefaultPatchBaseline"", ""ssm:getDeployablePatchSnapshotForInstance"", ""ssm:getInventorySchema"", ""ssm:getMaintenanceWindow"", ""ssm:getMaintenanceWindowExecution"", ""ssm:getMaintenanceWindowExecutionTask"", ""ssm:getMaintenanceWindowExecutionTaskInvocation"", ""ssm:getMaintenanceWindowTask"", ""ssm:getPatchBaseline"", ""ssm:getPatchBaselineForPatchGroup"", ""ssm:getServiceSetting"", ""ssm:labelParameterVersion"", ""ssm:listAssociationVersions"", ""ssm:listAssociations"", ""ssm:listCommandInvocations"", ""ssm:listCommands"", ""ssm:listComplianceItems"", ""ssm:listComplianceSummaries"", ""ssm:listDocumentVersions"", ""ssm:listDocuments"", ""ssm:listResourceComplianceSummaries"", ""ssm:listResourceDataSync"", ""ssm:listTagsForResource"", ""states:describeActivity"", ""states:describeExecution"", ""states:describeStateMachine"", ""states:getExecutionHistory"", ""states:listActivities"", ""states:listExecutions"", ""states:listStateMachines"", ""storagegateway:describeBandwidthRateLimit"", ""storagegateway:describeCache"", ""storagegateway:describeCachediSCSIVolumes"", ""storagegateway:describeGatewayInformation"", ""storagegateway:describeMaintenanceStartTime"", ""storagegateway:describeNFSFileShares"", ""storagegateway:describeSMBFileShares"", ""storagegateway:describeSMBSettings"", ""storagegateway:describeSnapshotSchedule"", ""storagegateway:describeStorediSCSIVolumes"", ""storagegateway:describeTapeArchives"", ""storagegateway:describeTapeRecoveryPoints"", ""storagegateway:describeTapes"", ""storagegateway:describeUploadBuffer"", ""storagegateway:describeVTLDevices"", ""storagegateway:describeWorkingStorage"", ""storagegateway:listFileShares"", ""storagegateway:listGateways"", ""storagegateway:listLocalDisks"", ""storagegateway:listTagsForResource"", ""storagegateway:listTapes"", ""storagegateway:listVolumeInitiators"", ""storagegateway:listVolumeRecoveryPoints"", ""storagegateway:listVolumes"", ""swf:countClosedWorkflowExecutions"", ""swf:countOpenWorkflowExecutions"", ""swf:countPendingActivityTasks"", ""swf:countPendingDecisionTasks"", ""swf:describeActivityType"", ""swf:describeDomain"", ""swf:describeWorkflowExecution"", ""swf:describeWorkflowType"", ""swf:getWorkflowExecutionHistory"", ""swf:listActivityTypes"", ""swf:listClosedWorkflowExecutions"", ""swf:listDomains"", ""swf:listOpenWorkflowExecutions"", ""swf:listWorkflowTypes"", ""transfer:describeServer"", ""transfer:describeUser"", ""transfer:listServers"", ""transfer:listTagsForResource"", ""transfer:listUsers"", ""waf-regional:getByteMatchSet"", ""waf-regional:getChangeTokenStatus"", ""waf-regional:getIPSet"", ""waf-regional:getRule"", ""waf-regional:getSqlInjectionMatchSet"", ""waf-regional:getWebACL"", ""waf-regional:getWebACLForResource"", ""waf-regional:listByteMatchSets"", ""waf-regional:listIPSets"", ""waf-regional:listResourcesForWebACL"", ""waf-regional:listRules"", ""waf-regional:listSqlInjectionMatchSets"", ""waf-regional:listWebACLs"", ""waf:getByteMatchSet"", ""waf:getChangeTokenStatus"", ""waf:getIPSet"", ""waf:getRule"", ""waf:getSampledRequests"", ""waf:getSizeConstraintSet"", ""waf:getSqlInjectionMatchSet"", ""waf:getWebACL"", ""waf:getXssMatchSet"", ""waf:listByteMatchSets"", ""waf:listIPSets"", ""waf:listRules"", ""waf:listSizeConstraintSets"", ""waf:listSqlInjectionMatchSets"", ""waf:listWebACLs"", ""waf:listXssMatchSets"", ""workdocs:checkAlias"", ""workdocs:describeAvailableDirectories"", ""workdocs:describeInstances"", ""worklink:describeAuditStreamConfiguration"", ""worklink:describeCompanyNetworkConfiguration"", ""worklink:describeDevice"", ""worklink:describeDevicePolicyConfiguration"", ""worklink:describeDomain"", ""worklink:describeFleetMetadata"", ""worklink:describeIdentityProviderConfiguration"", ""worklink:describeWebsiteCertificateAuthority"", ""worklink:listDevices"", ""worklink:listDomains"", ""worklink:listFleets"", ""worklink:listWebsiteAuthorizationProviders"", ""worklink:listWebsiteCertificateAuthorities"", ""workmail:describeGroup"", ""workmail:describeOrganization"", ""workmail:describeResource"", ""workmail:describeUser"", ""workmail:listAliases"", ""workmail:listGroupMembers"", ""workmail:listGroups"", ""workmail:listMailboxPermissions"", ""workmail:listOrganizations"", ""workmail:listResourceDelegates"", ""workmail:listResources"", ""workmail:listUsers"", ""workspaces:describeAccount"", ""workspaces:describeAccountModifications"", ""workspaces:describeIpGroups"", ""workspaces:describeTags"", ""workspaces:describeWorkspaceBundles"", ""workspaces:describeWorkspaceDirectories"", ""workspaces:describeWorkspaceImages"", ""workspaces:describeWorkspaces"", ""workspaces:describeWorkspacesConnectionStatus""], ""Effect"": ""Allow"", ""Resource"": [""*""]}], ""Version"": ""2012-10-17""}}]",2020-04-29 18:42:38+00:00,ANPAJ7W6266ELXF5MISDS,AWSSupportServiceRolePolicy,2018-04-19 18:04:44+00:00,1,False,v10,0,arn:aws:iam::aws:policy/aws-service-role/AWSSupportServiceRolePolicy,AWS::Iam::Policy;Resource
arn:aws:iam::aws:policy/aws-service-role/AccessAnalyzerServiceRolePolicy,/aws-service-role/,"[{""DefaultVersion"": {""Version"": ""2012-10-17"", ""Statement"": [{""Effect"": ""Allow"", ""Action"": [""ec2:DescribeAddresses"", ""ec2:DescribeByoipCidrs"", ""ec2:DescribeVpcEndpoints"", ""ec2:DescribeVpcs"", ""iam:GetRole"", ""iam:ListRoles"", ""kms:DescribeKey"", ""kms:GetKeyPolicy"", ""kms:ListGrants"", ""kms:ListKeyPolicies"", ""kms:ListKeys"", ""lambda:GetLayerVersionPolicy"", ""lambda:GetPolicy"", ""lambda:ListFunctions"", ""lambda:ListLayers"", ""lambda:ListLayerVersions"", ""organizations:DescribeAccount"", ""organizations:DescribeOrganization"", ""organizations:DescribeOrganizationalUnit"", ""organizations:ListAccounts"", ""organizations:ListAccountsForParent"", ""organizations:ListAWSServiceAccessForOrganization"", ""organizations:ListChildren"", ""organizations:ListDelegatedAdministrators"", ""organizations:ListOrganizationalUnitsForParent"", ""organizations:ListParents"", ""organizations:ListRoots"", ""s3:GetAccessPoint"", ""s3:GetAccessPointPolicy"", ""s3:GetAccessPointPolicyStatus"", ""s3:GetAccountPublicAccessBlock"", ""s3:GetBucketAcl"", ""s3:GetBucketLocation"", ""s3:GetBucketPolicyStatus"", ""s3:GetBucketPolicy"", ""s3:GetBucketPublicAccessBlock"", ""s3:ListAccessPoints"", ""s3:ListAllMyBuckets"", ""sns:GetTopicAttributes"", ""sns:ListTopics"", ""sqs:GetQueueAttributes"", ""sqs:ListQueues""], ""Resource"": ""*""}]}}]",2020-04-30 20:28:02+00:00,ANPAZKAPJZG4CAIXDDRI2,AccessAnalyzerServiceRolePolicy,2019-12-02 17:13:10+00:00,1,True,v3,0,arn:aws:iam::aws:policy/aws-service-role/AccessAnalyzerServiceRolePolicy,AWS::Iam::Policy;Resource
arn:aws:iam::aws:policy/AWSLambdaReadOnlyAccess,/,"[{""DefaultVersion"": {""Version"": ""2012-10-17"", ""Statement"": [{""Effect"": ""Allow"", ""Action"": [""cloudformation:DescribeChangeSet"", ""cloudformation:DescribeStackResources"", ""cloudformation:DescribeStacks"", ""cloudformation:GetTemplate"", ""cloudformation:ListStackResources"", ""cloudwatch:Describe*"", ""cloudwatch:Get*"", ""cloudwatch:List*"", ""cognito-identity:ListIdentityPools"", ""cognito-sync:GetCognitoEvents"", ""dynamodb:BatchGetItem"", ""dynamodb:DescribeStream"", ""dynamodb:DescribeTable"", ""dynamodb:GetItem"", ""dynamodb:ListStreams"", ""dynamodb:ListTables"", ""dynamodb:Query"", ""dynamodb:Scan"", ""ec2:DescribeSecurityGroups"", ""ec2:DescribeSubnets"", ""ec2:DescribeVpcs"", ""events:Describe*"", ""events:List*"", ""iam:GetPolicy"", ""iam:GetPolicyVersion"", ""iam:GetRole"", ""iam:GetRolePolicy"", ""iam:ListAttachedRolePolicies"", ""iam:ListRolePolicies"", ""iam:ListRoles"", ""iot:DescribeEndpoint"", ""iot:GetTopicRule"", ""iot:ListPolicies"", ""iot:ListThings"", ""iot:ListTopicRules"", ""kinesis:DescribeStream"", ""kinesis:ListStreams"", ""kms:ListAliases"", ""lambda:Get*"", ""lambda:List*"", ""logs:DescribeLogGroups"", ""logs:DescribeLogStreams"", ""logs:DescribeMetricFilters"", ""logs:GetLogEvents"", ""s3:Get*"", ""s3:List*"", ""sns:ListSubscriptions"", ""sns:ListSubscriptionsByTopic"", ""sns:ListTopics"", ""sqs:ListQueues"", ""tag:GetResources""], ""Resource"": ""*""}]}}]",2018-09-06 18:04:54+00:00,ANPAJLDG7J3CGUHFN4YN6,AWSLambdaReadOnlyAccess,2015-02-06 18:40:44+00:00,1,True,v8,0,arn:aws:iam::aws:policy/AWSLambdaReadOnlyAccess,AWS::Iam::Policy;Resource
arn:aws:iam::aws:policy/AmazonS3ReadOnlyAccess,/,"[{""DefaultVersion"": {""Version"": ""2012-10-17"", ""Statement"": [{""Effect"": ""Allow"", ""Action"": [""s3:Get*"", ""s3:List*""], ""Resource"": ""*""}]}}]",2015-02-06 18:40:59+00:00,ANPAIZTJ4DXE7G6AGAE6M,AmazonS3ReadOnlyAccess,2015-02-06 18:40:59+00:00,1,True,v1,0,arn:aws:iam::aws:policy/AmazonS3ReadOnlyAccess,AWS::Iam::Policy;Resource
arn:aws:iam::aws:policy/aws-service-role/CloudTrailServiceRolePolicy,/aws-service-role/,"[{""DefaultVersion"": {""Version"": ""2012-10-17"", ""Statement"": [{""Sid"": ""CloudTrailFullAccess"", ""Effect"": ""Allow"", ""Action"": [""cloudtrail:*""], ""Resource"": ""*""}, {""Sid"": ""AwsOrgsAccess"", ""Effect"": ""Allow"", ""Action"": [""organizations:DescribeAccount"", ""organizations:DescribeOrganization"", ""organizations:ListAccounts"", ""organizations:ListAWSServiceAccessForOrganization""], ""Resource"": [""*""]}]}}]",2018-10-24 21:21:44+00:00,ANPAJXQJ45EGU6U7NQBW4,CloudTrailServiceRolePolicy,2018-10-24 21:21:44+00:00,1,True,v1,0,arn:aws:iam::aws:policy/aws-service-role/CloudTrailServiceRolePolicy,AWS::Iam::Policy;Resource
arn:aws:iam::{Account}:policy/{Policy},,,,,$Policy,,,,,,arn:aws:iam::{Account}:policy/{Policy},AWS::Iam::Policy;Generic
arn:aws:iam::000000000000:policy/ForceMFA,/,"[{""DefaultVersion"": {""Version"": ""2012-10-17"", ""Statement"": [{""Sid"": ""AllowAllUsersToListAccounts"", ""Effect"": ""Allow"", ""Action"": [""iam:ListAccountAliases"", ""iam:ListUsers"", ""iam:ListVirtualMFADevices"", ""iam:GetAccountPasswordPolicy"", ""iam:GetAccountSummary""], ""Resource"": ""*""}, {""Sid"": ""AllowIndividualUserToSeeAndManageOnlyTheirOwnAccountInformation"", ""Effect"": ""Allow"", ""Action"": [""iam:CreateAccessKey"", ""iam:DeleteAccessKey"", ""iam:DeleteLoginProfile"", ""iam:GetLoginProfile"", ""iam:ListAccessKeys"", ""iam:UpdateAccessKey"", ""iam:UpdateLoginProfile"", ""iam:ListSigningCertificates"", ""iam:DeleteSigningCertificate"", ""iam:UpdateSigningCertificate"", ""iam:UploadSigningCertificate"", ""iam:ListSSHPublicKeys"", ""iam:GetSSHPublicKey"", ""iam:DeleteSSHPublicKey"", ""iam:UpdateSSHPublicKey"", ""iam:UploadSSHPublicKey""], ""Resource"": ""arn:aws:iam::*:user/${aws:username}""}, {""Sid"": ""AllowIndividualUserToListOnlyTheirOwnMFA"", ""Effect"": ""Allow"", ""Action"": [""iam:ListMFADevices""], ""Resource"": [""arn:aws:iam::*:mfa/*"", ""arn:aws:iam::*:user/${aws:username}""]}, {""Sid"": ""AllowIndividualUserToManageTheirOwnMFA"", ""Effect"": ""Allow"", ""Action"": [""iam:CreateVirtualMFADevice"", ""iam:DeleteVirtualMFADevice"", ""iam:EnableMFADevice"", ""iam:ResyncMFADevice""], ""Resource"": [""arn:aws:iam::*:mfa/${aws:username}"", ""arn:aws:iam::*:user/${aws:username}""]}, {""Sid"": ""AllowIndividualUserToDeactivateOnlyTheirOwnMFAOnlyWhenUsingMFA"", ""Effect"": ""Allow"", ""Action"": [""iam:DeactivateMFADevice""], ""Resource"": [""arn:aws:iam::*:mfa/${aws:username}"", ""arn:aws:iam::*:user/${aws:username}""], ""Condition"": {""Bool"": {""aws:MultiFactorAuthPresent"": ""true""}}}, {""Sid"": ""BlockMostAccessUnlessSignedInWithMFA"", ""Effect"": ""Deny"", ""NotAction"": [""iam:ChangePassword"", ""iam:CreateLoginProfile"", ""iam:CreateVirtualMFADevice"", ""iam:DeleteVirtualMFADevice"", ""iam:ListVirtualMFADevices"", ""iam:EnableMFADevice"", ""iam:ResyncMFADevice"", ""iam:ListAccountAliases"", ""iam:ListUsers"", ""iam:ListSSHPublicKeys"", ""iam:ListAccessKeys"", ""iam:ListServiceSpecificCredentials"", ""iam:ListMFADevices"", ""iam:GetAccountSummary"", ""sts:GetSessionToken""], ""Resource"": ""*"", ""Condition"": {""BoolIfExists"": {""aws:MultiFactorAuthPresent"": ""false""}}}]}}]",2019-05-05 20:15:12+00:00,ANPAZEPWSRKHJPLGNGHH7,ForceMFA,2019-05-05 20:15:12+00:00,0,True,v1,0,arn:aws:iam::000000000000:policy/ForceMFA,AWS::Iam::Policy;Resource
arn:aws:iam::aws:policy/aws-service-role/AWSSSOServiceRolePolicy,/aws-service-role/,"[{""DefaultVersion"": {""Version"": ""2012-10-17"", ""Statement"": [{""Effect"": ""Allow"", ""Action"": [""iam:AttachRolePolicy"", ""iam:CreateRole"", ""iam:DeleteRole"", ""iam:DeleteRolePolicy"", ""iam:DetachRolePolicy"", ""iam:ListRolePolicies"", ""iam:PutRolePolicy"", ""iam:ListAttachedRolePolicies"", ""iam:UpdateRole""], ""Resource"": [""arn:aws:iam::*:role/aws-reserved/sso.amazonaws.com/*""]}, {""Sid"": ""ListRolesInTheAccount"", ""Effect"": ""Allow"", ""Action"": [""iam:GetRole"", ""iam:ListRoles""], ""Resource"": [""*""]}, {""Sid"": ""AllowDeletionOfServiceLinkedRoleForSSO"", ""Effect"": ""Allow"", ""Action"": [""iam:DeleteServiceLinkedRole"", ""iam:GetServiceLinkedRoleDeletionStatus"", ""iam:DeleteRole"", ""iam:GetRole""], ""Resource"": [""arn:aws:iam::*:role/aws-service-role/sso.amazonaws.com/AWSServiceRoleForSSO""]}, {""Effect"": ""Allow"", ""Action"": [""iam:CreateSAMLProvider"", ""iam:GetSAMLProvider"", ""iam:UpdateSAMLProvider"", ""iam:DeleteSAMLProvider""], ""Resource"": [""arn:aws:iam::*:saml-provider/AWSSSO_*""]}, {""Effect"": ""Allow"", ""Action"": [""organizations:DescribeAccount"", ""organizations:DescribeOrganization"", ""organizations:ListAccounts""], ""Resource"": [""*""]}, {""Sid"": ""AllowUnauthAppForDirectory"", ""Effect"": ""Allow"", ""Action"": [""ds:UnauthorizeApplication""], ""Resource"": [""*""]}, {""Sid"": ""AllowDescribeForDirectory"", ""Effect"": ""Allow"", ""Action"": [""ds:DescribeDirectories"", ""ds:DescribeTrusts""], ""Resource"": [""*""]}]}}]",2020-03-12 20:36:59+00:00,ANPAIJ52KSWOD4GI54XP2,AWSSSOServiceRolePolicy,2017-12-05 18:36:15+00:00,1,True,v8,0,arn:aws:iam::aws:policy/aws-service-role/AWSSSOServiceRolePolicy,AWS::Iam::Policy;Resource
arn:aws:iam::aws:policy/IAMFullAccess,/,"[{""DefaultVersion"": {""Version"": ""2012-10-17"", ""Statement"": [{""Effect"": ""Allow"", ""Action"": [""iam:*"", ""organizations:DescribeAccount"", ""organizations:DescribeOrganization"", ""organizations:DescribeOrganizationalUnit"", ""organizations:DescribePolicy"", ""organizations:ListChildren"", ""organizations:ListParents"", ""organizations:ListPoliciesForTarget"", ""organizations:ListRoots"", ""organizations:ListPolicies"", ""organizations:ListTargetsForPolicy""], ""Resource"": ""*""}]}}]",2019-06-21 19:40:00+00:00,ANPAI7XKCFMBPM3QQRRVQ,IAMFullAccess,2015-02-06 18:40:38+00:00,1,True,v2,0,arn:aws:iam::aws:policy/IAMFullAccess,AWS::Iam::Policy;Resource
arn:aws:iam::000000000000:policy/S3Misconfiguration1,/,"[{""DefaultVersion"": {""Version"": ""2012-10-17"", ""Statement"": [{""Effect"": ""Allow"", ""Action"": [""s3:GetObject"", ""s3:ListBucket""], ""Resource"": ""arn:aws:s3:::this-specific-bucket*""}]}}]",2019-05-22 11:10:58+00:00,ANPAZEPWSRKHDRFBRCZJG,S3Misconfiguration1,2019-04-24 08:01:54+00:00,0,True,v3,0,arn:aws:iam::000000000000:policy/S3Misconfiguration1,AWS::Iam::Policy;Resource
arn:aws:iam::aws:policy/AmazonS3FullAccess,/,"[{""DefaultVersion"": {""Version"": ""2012-10-17"", ""Statement"": [{""Effect"": ""Allow"", ""Action"": ""s3:*"", ""Resource"": ""*""}]}}]",2015-02-06 18:40:58+00:00,ANPAIFIR6V6BVTRAHWINE,AmazonS3FullAccess,2015-02-06 18:40:58+00:00,1,True,v1,0,arn:aws:iam::aws:policy/AmazonS3FullAccess,AWS::Iam::Policy;Resource
