:ID,Arn:string,Policy:string,Name:string,CreationDate:string,ACL:string,:LABEL
arn:aws:s3:::bobs-important-bucket,arn:aws:s3:::bobs-important-bucket,,bobs-important-bucket,2019-09-05 09:25:31+00:00,"[{""Grantee"": {""ID"": ""c6e0jp7bng2y81jzsdekudb6lte26lms0bfo8br8bl9n0di9tfp6owm2kttol65d"", ""Type"": ""CanonicalUser""}, ""Permission"": ""FULL_CONTROL""}]",AWS::S3::Bucket;Resource
arn:aws:s3:::this-specific-bucket,arn:aws:s3:::this-specific-bucket,,this-specific-bucket,2019-12-02 06:34:05+00:00,"[{""Grantee"": {""ID"": ""c6e0jp7bng2y81jzsdekudb6lte26lms0bfo8br8bl9n0di9tfp6owm2kttol65d"", ""Type"": ""CanonicalUser""}, ""Permission"": ""FULL_CONTROL""}]",AWS::S3::Bucket;Resource
arn:aws:s3:::this-specific-bucket-is-secret,arn:aws:s3:::this-specific-bucket-is-secret,"{""Version"": ""2012-10-17"", ""Statement"": [{""Effect"": ""Allow"", ""Principal"": {""AWS"": [""arn:aws:iam::000000000000:user/Sam""]}, ""Action"": ""s3:Get*"", ""Resource"": [""arn:aws:s3:::this-specific-bucket-is-secret"", ""arn:aws:s3:::this-specific-bucket-is-secret/*""]}]}",this-specific-bucket-is-secret,2019-11-25 04:54:32+00:00,"[{""Grantee"": {""ID"": ""c6e0jp7bng2y81jzsdekudb6lte26lms0bfo8br8bl9n0di9tfp6owm2kttol65d"", ""Type"": ""CanonicalUser""}, ""Permission"": ""FULL_CONTROL""}, {""Grantee"": {""ID"": ""gmp2fjox3o9q57wa3v539i3zwikoj263ax1uahvhun1jpnkmn6dlr20jeu9nm15z"", ""Type"": ""CanonicalUser""}, ""Permission"": ""WRITE""}, {""Grantee"": {""Type"": ""Group"", ""URI"": ""http://acs.amazonaws.com/groups/global/AllUsers""}, ""Permission"": ""READ""}]",AWS::S3::Bucket;Resource
arn:aws:s3:::{Name},arn:aws:s3:::{Name},,$Bucket,,,AWS::S3::Bucket;Generic
