:START_ID,Name:string,:END_ID,:TYPE
arn:aws:iam::000000000000:user/Alex,Attached,arn:aws:iam::000000000000:policy/PutGroupPolicy,TRANSITIVE
arn:aws:iam::000000000000:user/Alex,Attached,arn:aws:iam::000000000000:policy/AddUserToGroup,TRANSITIVE
arn:aws:iam::000000000000:user/Andy,Attached,arn:aws:iam::aws:policy/AmazonEC2FullAccess,TRANSITIVE
arn:aws:iam::000000000000:user/Bob,Attached,arn:aws:iam::aws:policy/AmazonS3FullAccess,TRANSITIVE
arn:aws:iam::000000000000:user/Sam,Attached,arn:aws:iam::aws:policy/AdministratorAccess,TRANSITIVE
arn:aws:iam::000000000000:user/Tina,Attached,arn:aws:iam::000000000000:policy/CustomS3WriteOnlyAccess,TRANSITIVE
arn:aws:iam::000000000000:group/Marketing,Attached,arn:aws:iam::aws:policy/AmazonS3ReadOnlyAccess,TRANSITIVE
arn:aws:iam::000000000000:role/AWSLambdaReadOnlyRole,Attached,arn:aws:iam::aws:policy/AWSLambdaReadOnlyAccess,TRANSITIVE
arn:aws:iam::000000000000:role/aws-reserved/sso.amazonaws.com/AWSReservedSSO_AdministratorAccess_9899f3e2306dd92c,Attached,arn:aws:iam::aws:policy/AdministratorAccess,TRANSITIVE
arn:aws:iam::000000000000:role/aws-service-role/access-analyzer.amazonaws.com/AWSServiceRoleForAccessAnalyzer,Attached,arn:aws:iam::aws:policy/aws-service-role/AccessAnalyzerServiceRolePolicy,TRANSITIVE
arn:aws:iam::000000000000:role/aws-service-role/cloudtrail.amazonaws.com/AWSServiceRoleForCloudTrail,Attached,arn:aws:iam::aws:policy/aws-service-role/CloudTrailServiceRolePolicy,TRANSITIVE
arn:aws:iam::000000000000:role/aws-service-role/organizations.amazonaws.com/AWSServiceRoleForOrganizations,Attached,arn:aws:iam::aws:policy/aws-service-role/AWSOrganizationsServiceTrustPolicy,TRANSITIVE
arn:aws:iam::000000000000:role/aws-service-role/sso.amazonaws.com/AWSServiceRoleForSSO,Attached,arn:aws:iam::aws:policy/aws-service-role/AWSSSOServiceRolePolicy,TRANSITIVE
arn:aws:iam::000000000000:role/aws-service-role/support.amazonaws.com/AWSServiceRoleForSupport,Attached,arn:aws:iam::aws:policy/aws-service-role/AWSSupportServiceRolePolicy,TRANSITIVE
arn:aws:iam::000000000000:role/aws-service-role/trustedadvisor.amazonaws.com/AWSServiceRoleForTrustedAdvisor,Attached,arn:aws:iam::aws:policy/aws-service-role/AWSTrustedAdvisorServiceRolePolicy,TRANSITIVE
arn:aws:iam::000000000000:role/BlogExampleRole1,Attached,arn:aws:iam::000000000000:policy/PutGroupPolicy,TRANSITIVE
arn:aws:iam::000000000000:role/BlogExampleRole1,Attached,arn:aws:iam::000000000000:policy/AddUserToGroup,TRANSITIVE
arn:aws:iam::000000000000:role/BlogExampleRole2,Attached,arn:aws:iam::000000000000:policy/PutGroupPolicy,TRANSITIVE
arn:aws:iam::000000000000:role/BlogExampleRole2,Attached,arn:aws:iam::000000000000:policy/UpdateLoginProfile,TRANSITIVE
arn:aws:iam::000000000000:role/BlogExampleRole2,Attached,arn:aws:iam::000000000000:policy/AddUserToGroup,TRANSITIVE
arn:aws:iam::000000000000:role/IAMRole,Attached,arn:aws:iam::aws:policy/IAMFullAccess,TRANSITIVE
arn:aws:iam::000000000000:user/Jeff,MemberOf,arn:aws:iam::000000000000:group/Marketing,TRANSITIVE
arn:aws:iam::000000000000:user/Kate,MemberOf,arn:aws:iam::000000000000:group/Marketing,TRANSITIVE
arn:aws:iam::000000000000:user/Tom,MemberOf,arn:aws:iam::000000000000:group/Marketing,TRANSITIVE
arn:aws:iam::000000000000:instance-profile/BlogExampleRole1,Attached,arn:aws:iam::000000000000:role/BlogExampleRole1,TRANSITIVE
arn:aws:iam::000000000000:instance-profile/IAMRole,Attached,arn:aws:iam::000000000000:role/IAMRole,TRANSITIVE
arn:aws:ec2:eu-west-1:000000000000:instance/i-0313297214f1d25f1,Attached,arn:aws:iam::000000000000:instance-profile/IAMRole,TRANSITIVE
