:START_ID,Condition Keys:string,Dependant Actions:string,Effect:string,Name:string,Condition:string,Access:string,Description:string,Reference:string,:END_ID,:TYPE
arn:aws:iam::000000000000:role/aws-service-role/organizations.amazonaws.com/AWSServiceRoleForOrganizations,[],[],Allow,sts:AssumeRole,[],Write,Returns a set of temporary security credentials that you can use to access AWS resources that you might not normally have access to,https://docs.aws.amazon.com/STS/latest/APIReference/API_AssumeRole.html,organizations.amazonaws.com,TRUSTS
arn:aws:iam::000000000000:role/AssumableGlobally,[],[],Allow,sts:AssumeRole,[],Write,Returns a set of temporary security credentials that you can use to access AWS resources that you might not normally have access to,https://docs.aws.amazon.com/STS/latest/APIReference/API_AssumeRole.html,arn:aws:iam::000000000000:user/Alice,TRUSTS
arn:aws:iam::000000000000:role/AssumableGlobally,[],[],Allow,sts:AssumeRole,[],Write,Returns a set of temporary security credentials that you can use to access AWS resources that you might not normally have access to,https://docs.aws.amazon.com/STS/latest/APIReference/API_AssumeRole.html,arn:aws:iam::000000000000:user/Tom,TRUSTS
arn:aws:iam::000000000000:role/AssumableGlobally,[],[],Allow,sts:AssumeRole,[],Write,Returns a set of temporary security credentials that you can use to access AWS resources that you might not normally have access to,https://docs.aws.amazon.com/STS/latest/APIReference/API_AssumeRole.html,arn:aws:iam::000000000000:role/AssumableGlobally,TRUSTS
arn:aws:iam::000000000000:role/AssumableGlobally,[],[],Allow,sts:AssumeRole,[],Write,Returns a set of temporary security credentials that you can use to access AWS resources that you might not normally have access to,https://docs.aws.amazon.com/STS/latest/APIReference/API_AssumeRole.html,arn:aws:iam::000000000000:role/BlogExampleRole1,TRUSTS
arn:aws:iam::000000000000:role/aws-service-role/access-analyzer.amazonaws.com/AWSServiceRoleForAccessAnalyzer,[],[],Allow,sts:AssumeRole,[],Write,Returns a set of temporary security credentials that you can use to access AWS resources that you might not normally have access to,https://docs.aws.amazon.com/STS/latest/APIReference/API_AssumeRole.html,access-analyzer.amazonaws.com,TRUSTS
arn:aws:iam::000000000000:role/aws-service-role/sso.amazonaws.com/AWSServiceRoleForSSO,[],[],Allow,sts:AssumeRole,[],Write,Returns a set of temporary security credentials that you can use to access AWS resources that you might not normally have access to,https://docs.aws.amazon.com/STS/latest/APIReference/API_AssumeRole.html,sso.amazonaws.com,TRUSTS
arn:aws:iam::000000000000:role/AssumableGlobally,[],[],Allow,sts:AssumeRole,[],Write,Returns a set of temporary security credentials that you can use to access AWS resources that you might not normally have access to,https://docs.aws.amazon.com/STS/latest/APIReference/API_AssumeRole.html,arn:aws:iam::000000000000:role/aws-service-role/support.amazonaws.com/AWSServiceRoleForSupport,TRUSTS
arn:aws:iam::000000000000:role/AssumableGlobally,[],[],Allow,sts:AssumeRole,[],Write,Returns a set of temporary security credentials that you can use to access AWS resources that you might not normally have access to,https://docs.aws.amazon.com/STS/latest/APIReference/API_AssumeRole.html,arn:aws:iam::000000000000:role/AWSLambdaReadOnlyRole,TRUSTS
arn:aws:iam::000000000000:role/AssumableGlobally,[],[],Allow,sts:AssumeRole,[],Write,Returns a set of temporary security credentials that you can use to access AWS resources that you might not normally have access to,https://docs.aws.amazon.com/STS/latest/APIReference/API_AssumeRole.html,arn:aws:iam::000000000000:user/Sam,TRUSTS
arn:aws:iam::000000000000:role/AssumableGlobally,[],[],Allow,sts:AssumeRole,[],Write,Returns a set of temporary security credentials that you can use to access AWS resources that you might not normally have access to,https://docs.aws.amazon.com/STS/latest/APIReference/API_AssumeRole.html,arn:aws:iam::000000000000:user/Andy,TRUSTS
arn:aws:iam::000000000000:role/AssumableGlobally,[],[],Allow,sts:AssumeRole,[],Write,Returns a set of temporary security credentials that you can use to access AWS resources that you might not normally have access to,https://docs.aws.amazon.com/STS/latest/APIReference/API_AssumeRole.html,arn:aws:iam::000000000000:role/BlogExampleRole2,TRUSTS
arn:aws:iam::000000000000:role/AssumableByJeff,[],[],Allow,sts:AssumeRole,[],Write,Returns a set of temporary security credentials that you can use to access AWS resources that you might not normally have access to,https://docs.aws.amazon.com/STS/latest/APIReference/API_AssumeRole.html,arn:aws:iam::000000000000:user/Jeff,TRUSTS
arn:aws:iam::000000000000:role/AssumableGlobally,[],[],Allow,sts:AssumeRole,[],Write,Returns a set of temporary security credentials that you can use to access AWS resources that you might not normally have access to,https://docs.aws.amazon.com/STS/latest/APIReference/API_AssumeRole.html,arn:aws:iam::000000000000:user/Jeff,TRUSTS
arn:aws:iam::000000000000:role/AssumableGlobally,[],[],Allow,sts:AssumeRole,[],Write,Returns a set of temporary security credentials that you can use to access AWS resources that you might not normally have access to,https://docs.aws.amazon.com/STS/latest/APIReference/API_AssumeRole.html,arn:aws:iam::000000000000:user/Jake,TRUSTS
arn:aws:iam::000000000000:role/AssumableGlobally,[],[],Allow,sts:AssumeRole,[],Write,Returns a set of temporary security credentials that you can use to access AWS resources that you might not normally have access to,https://docs.aws.amazon.com/STS/latest/APIReference/API_AssumeRole.html,arn:aws:iam::000000000000:user/Alex,TRUSTS
arn:aws:iam::000000000000:role/AssumableGlobally,[],[],Allow,sts:AssumeRole,[],Write,Returns a set of temporary security credentials that you can use to access AWS resources that you might not normally have access to,https://docs.aws.amazon.com/STS/latest/APIReference/API_AssumeRole.html,arn:aws:iam::{Account}:root,TRUSTS
arn:aws:iam::000000000000:role/AssumableGlobally,[],[],Allow,sts:AssumeRole,[],Write,Returns a set of temporary security credentials that you can use to access AWS resources that you might not normally have access to,https://docs.aws.amazon.com/STS/latest/APIReference/API_AssumeRole.html,arn:aws:iam::000000000000:role/aws-service-role/organizations.amazonaws.com/AWSServiceRoleForOrganizations,TRUSTS
arn:aws:iam::000000000000:role/aws-service-role/cloudtrail.amazonaws.com/AWSServiceRoleForCloudTrail,[],[],Allow,sts:AssumeRole,[],Write,Returns a set of temporary security credentials that you can use to access AWS resources that you might not normally have access to,https://docs.aws.amazon.com/STS/latest/APIReference/API_AssumeRole.html,cloudtrail.amazonaws.com,TRUSTS
arn:aws:iam::000000000000:role/AssumableGlobally,[],[],Allow,sts:AssumeRole,[],Write,Returns a set of temporary security credentials that you can use to access AWS resources that you might not normally have access to,https://docs.aws.amazon.com/STS/latest/APIReference/API_AssumeRole.html,arn:aws:iam::000000000000:user/Jess,TRUSTS
arn:aws:iam::000000000000:role/BlogExampleRole1,[],[],Allow,sts:AssumeRole,[],Write,Returns a set of temporary security credentials that you can use to access AWS resources that you might not normally have access to,https://docs.aws.amazon.com/STS/latest/APIReference/API_AssumeRole.html,ec2.amazonaws.com,TRUSTS
arn:aws:iam::000000000000:role/IAMRole,[],[],Allow,sts:AssumeRole,[],Write,Returns a set of temporary security credentials that you can use to access AWS resources that you might not normally have access to,https://docs.aws.amazon.com/STS/latest/APIReference/API_AssumeRole.html,ec2.amazonaws.com,TRUSTS
arn:aws:iam::000000000000:role/AssumableGlobally,[],[],Allow,sts:AssumeRole,[],Write,Returns a set of temporary security credentials that you can use to access AWS resources that you might not normally have access to,https://docs.aws.amazon.com/STS/latest/APIReference/API_AssumeRole.html,arn:aws:iam::000000000000:role/aws-service-role/sso.amazonaws.com/AWSServiceRoleForSSO,TRUSTS
arn:aws:iam::000000000000:role/AssumableGlobally,[],[],Allow,sts:AssumeRole,[],Write,Returns a set of temporary security credentials that you can use to access AWS resources that you might not normally have access to,https://docs.aws.amazon.com/STS/latest/APIReference/API_AssumeRole.html,arn:aws:iam::000000000000:user/Tina,TRUSTS
arn:aws:iam::000000000000:role/AssumableGlobally,[],[],Allow,sts:AssumeRole,[],Write,Returns a set of temporary security credentials that you can use to access AWS resources that you might not normally have access to,https://docs.aws.amazon.com/STS/latest/APIReference/API_AssumeRole.html,arn:aws:iam::000000000000:user/Kate,TRUSTS
arn:aws:iam::000000000000:role/BlogExampleRole2,[],[],Allow,sts:AssumeRole,[],Write,Returns a set of temporary security credentials that you can use to access AWS resources that you might not normally have access to,https://docs.aws.amazon.com/STS/latest/APIReference/API_AssumeRole.html,lambda.amazonaws.com,TRUSTS
arn:aws:iam::000000000000:role/AWSLambdaReadOnlyRole,[],[],Allow,sts:AssumeRole,[],Write,Returns a set of temporary security credentials that you can use to access AWS resources that you might not normally have access to,https://docs.aws.amazon.com/STS/latest/APIReference/API_AssumeRole.html,lambda.amazonaws.com,TRUSTS
arn:aws:iam::000000000000:role/AssumableGlobally,[],[],Allow,sts:AssumeRole,[],Write,Returns a set of temporary security credentials that you can use to access AWS resources that you might not normally have access to,https://docs.aws.amazon.com/STS/latest/APIReference/API_AssumeRole.html,arn:aws:iam::000000000000:role/IAMRole,TRUSTS
arn:aws:iam::000000000000:role/AssumableGlobally,[],[],Allow,sts:AssumeRole,[],Write,Returns a set of temporary security credentials that you can use to access AWS resources that you might not normally have access to,https://docs.aws.amazon.com/STS/latest/APIReference/API_AssumeRole.html,arn:aws:iam::000000000000:user/Bob,TRUSTS
arn:aws:iam::000000000000:role/AssumableGlobally,[],[],Allow,sts:AssumeRole,[],Write,Returns a set of temporary security credentials that you can use to access AWS resources that you might not normally have access to,https://docs.aws.amazon.com/STS/latest/APIReference/API_AssumeRole.html,arn:aws:iam::000000000000:role/aws-service-role/access-analyzer.amazonaws.com/AWSServiceRoleForAccessAnalyzer,TRUSTS
arn:aws:iam::000000000000:role/aws-service-role/support.amazonaws.com/AWSServiceRoleForSupport,[],[],Allow,sts:AssumeRole,[],Write,Returns a set of temporary security credentials that you can use to access AWS resources that you might not normally have access to,https://docs.aws.amazon.com/STS/latest/APIReference/API_AssumeRole.html,support.amazonaws.com,TRUSTS
arn:aws:iam::000000000000:role/AssumableGlobally,[],[],Allow,sts:AssumeRole,[],Write,Returns a set of temporary security credentials that you can use to access AWS resources that you might not normally have access to,https://docs.aws.amazon.com/STS/latest/APIReference/API_AssumeRole.html,arn:aws:iam::000000000000:role/aws-service-role/trustedadvisor.amazonaws.com/AWSServiceRoleForTrustedAdvisor,TRUSTS
arn:aws:iam::000000000000:role/AssumableGlobally,[],[],Allow,sts:AssumeRole,[],Write,Returns a set of temporary security credentials that you can use to access AWS resources that you might not normally have access to,https://docs.aws.amazon.com/STS/latest/APIReference/API_AssumeRole.html,arn:aws:iam::000000000000:role/AssumableByJeff,TRUSTS
arn:aws:iam::000000000000:role/aws-service-role/trustedadvisor.amazonaws.com/AWSServiceRoleForTrustedAdvisor,[],[],Allow,sts:AssumeRole,[],Write,Returns a set of temporary security credentials that you can use to access AWS resources that you might not normally have access to,https://docs.aws.amazon.com/STS/latest/APIReference/API_AssumeRole.html,trustedadvisor.amazonaws.com,TRUSTS
arn:aws:iam::000000000000:role/AssumableGlobally,[],[],Allow,sts:AssumeRole,[],Write,Returns a set of temporary security credentials that you can use to access AWS resources that you might not normally have access to,https://docs.aws.amazon.com/STS/latest/APIReference/API_AssumeRole.html,arn:aws:iam::000000000000:role/aws-service-role/cloudtrail.amazonaws.com/AWSServiceRoleForCloudTrail,TRUSTS
