:START_ID,Condition:string,Access:string,Name:string,Description:string,Reference:string,Effect:string,:END_ID,:TYPE
arn:aws:iam::000000000000:role/AssumableByJeff,[],Write,sts:AssumeRole,Returns a set of temporary security credentials that you can use to access AWS resources that you might not normally have access to,https://docs.aws.amazon.com/STS/latest/APIReference/API_AssumeRole.html,Allow,arn:aws:iam::000000000000:user/Jeff,TRUSTS
arn:aws:iam::000000000000:role/AssumableGlobally,[],Write,sts:AssumeRole,Returns a set of temporary security credentials that you can use to access AWS resources that you might not normally have access to,https://docs.aws.amazon.com/STS/latest/APIReference/API_AssumeRole.html,Allow,arn:aws:iam::000000000000:user/Alex,TRUSTS
arn:aws:iam::000000000000:role/AssumableGlobally,[],Write,sts:AssumeRole,Returns a set of temporary security credentials that you can use to access AWS resources that you might not normally have access to,https://docs.aws.amazon.com/STS/latest/APIReference/API_AssumeRole.html,Allow,arn:aws:iam::000000000000:user/Alice,TRUSTS
arn:aws:iam::000000000000:role/AssumableGlobally,[],Write,sts:AssumeRole,Returns a set of temporary security credentials that you can use to access AWS resources that you might not normally have access to,https://docs.aws.amazon.com/STS/latest/APIReference/API_AssumeRole.html,Allow,arn:aws:iam::000000000000:user/Andy,TRUSTS
arn:aws:iam::000000000000:role/AssumableGlobally,[],Write,sts:AssumeRole,Returns a set of temporary security credentials that you can use to access AWS resources that you might not normally have access to,https://docs.aws.amazon.com/STS/latest/APIReference/API_AssumeRole.html,Allow,arn:aws:iam::000000000000:user/Bob,TRUSTS
arn:aws:iam::000000000000:role/AssumableGlobally,[],Write,sts:AssumeRole,Returns a set of temporary security credentials that you can use to access AWS resources that you might not normally have access to,https://docs.aws.amazon.com/STS/latest/APIReference/API_AssumeRole.html,Allow,arn:aws:iam::000000000000:user/Jake,TRUSTS
arn:aws:iam::000000000000:role/AssumableGlobally,[],Write,sts:AssumeRole,Returns a set of temporary security credentials that you can use to access AWS resources that you might not normally have access to,https://docs.aws.amazon.com/STS/latest/APIReference/API_AssumeRole.html,Allow,arn:aws:iam::000000000000:user/Jeff,TRUSTS
arn:aws:iam::000000000000:role/AssumableGlobally,[],Write,sts:AssumeRole,Returns a set of temporary security credentials that you can use to access AWS resources that you might not normally have access to,https://docs.aws.amazon.com/STS/latest/APIReference/API_AssumeRole.html,Allow,arn:aws:iam::000000000000:user/Jess,TRUSTS
arn:aws:iam::000000000000:role/AssumableGlobally,[],Write,sts:AssumeRole,Returns a set of temporary security credentials that you can use to access AWS resources that you might not normally have access to,https://docs.aws.amazon.com/STS/latest/APIReference/API_AssumeRole.html,Allow,arn:aws:iam::000000000000:user/Kate,TRUSTS
arn:aws:iam::000000000000:role/AssumableGlobally,[],Write,sts:AssumeRole,Returns a set of temporary security credentials that you can use to access AWS resources that you might not normally have access to,https://docs.aws.amazon.com/STS/latest/APIReference/API_AssumeRole.html,Allow,arn:aws:iam::000000000000:user/Sam,TRUSTS
arn:aws:iam::000000000000:role/AssumableGlobally,[],Write,sts:AssumeRole,Returns a set of temporary security credentials that you can use to access AWS resources that you might not normally have access to,https://docs.aws.amazon.com/STS/latest/APIReference/API_AssumeRole.html,Allow,arn:aws:iam::000000000000:user/Tina,TRUSTS
arn:aws:iam::000000000000:role/AssumableGlobally,[],Write,sts:AssumeRole,Returns a set of temporary security credentials that you can use to access AWS resources that you might not normally have access to,https://docs.aws.amazon.com/STS/latest/APIReference/API_AssumeRole.html,Allow,arn:aws:iam::000000000000:user/Tom,TRUSTS
arn:aws:iam::000000000000:role/AssumableGlobally,[],Write,sts:AssumeRole,Returns a set of temporary security credentials that you can use to access AWS resources that you might not normally have access to,https://docs.aws.amazon.com/STS/latest/APIReference/API_AssumeRole.html,Allow,arn:aws:iam::000000000000:role/AssumableByJeff,TRUSTS
arn:aws:iam::000000000000:role/AssumableGlobally,[],Write,sts:AssumeRole,Returns a set of temporary security credentials that you can use to access AWS resources that you might not normally have access to,https://docs.aws.amazon.com/STS/latest/APIReference/API_AssumeRole.html,Allow,arn:aws:iam::000000000000:role/AssumableGlobally,TRUSTS
arn:aws:iam::000000000000:role/AssumableGlobally,[],Write,sts:AssumeRole,Returns a set of temporary security credentials that you can use to access AWS resources that you might not normally have access to,https://docs.aws.amazon.com/STS/latest/APIReference/API_AssumeRole.html,Allow,arn:aws:iam::000000000000:role/AWSLambdaReadOnlyRole,TRUSTS
arn:aws:iam::000000000000:role/AssumableGlobally,[],Write,sts:AssumeRole,Returns a set of temporary security credentials that you can use to access AWS resources that you might not normally have access to,https://docs.aws.amazon.com/STS/latest/APIReference/API_AssumeRole.html,Allow,arn:aws:iam::000000000000:role/aws-reserved/sso.amazonaws.com/AWSReservedSSO_AdministratorAccess_9899f3e2306dd92c,TRUSTS
arn:aws:iam::000000000000:role/AssumableGlobally,[],Write,sts:AssumeRole,Returns a set of temporary security credentials that you can use to access AWS resources that you might not normally have access to,https://docs.aws.amazon.com/STS/latest/APIReference/API_AssumeRole.html,Allow,arn:aws:iam::000000000000:role/aws-service-role/access-analyzer.amazonaws.com/AWSServiceRoleForAccessAnalyzer,TRUSTS
arn:aws:iam::000000000000:role/AssumableGlobally,[],Write,sts:AssumeRole,Returns a set of temporary security credentials that you can use to access AWS resources that you might not normally have access to,https://docs.aws.amazon.com/STS/latest/APIReference/API_AssumeRole.html,Allow,arn:aws:iam::000000000000:role/aws-service-role/cloudtrail.amazonaws.com/AWSServiceRoleForCloudTrail,TRUSTS
arn:aws:iam::000000000000:role/AssumableGlobally,[],Write,sts:AssumeRole,Returns a set of temporary security credentials that you can use to access AWS resources that you might not normally have access to,https://docs.aws.amazon.com/STS/latest/APIReference/API_AssumeRole.html,Allow,arn:aws:iam::000000000000:role/aws-service-role/organizations.amazonaws.com/AWSServiceRoleForOrganizations,TRUSTS
arn:aws:iam::000000000000:role/AssumableGlobally,[],Write,sts:AssumeRole,Returns a set of temporary security credentials that you can use to access AWS resources that you might not normally have access to,https://docs.aws.amazon.com/STS/latest/APIReference/API_AssumeRole.html,Allow,arn:aws:iam::000000000000:role/aws-service-role/sso.amazonaws.com/AWSServiceRoleForSSO,TRUSTS
arn:aws:iam::000000000000:role/AssumableGlobally,[],Write,sts:AssumeRole,Returns a set of temporary security credentials that you can use to access AWS resources that you might not normally have access to,https://docs.aws.amazon.com/STS/latest/APIReference/API_AssumeRole.html,Allow,arn:aws:iam::000000000000:role/aws-service-role/support.amazonaws.com/AWSServiceRoleForSupport,TRUSTS
arn:aws:iam::000000000000:role/AssumableGlobally,[],Write,sts:AssumeRole,Returns a set of temporary security credentials that you can use to access AWS resources that you might not normally have access to,https://docs.aws.amazon.com/STS/latest/APIReference/API_AssumeRole.html,Allow,arn:aws:iam::000000000000:role/aws-service-role/trustedadvisor.amazonaws.com/AWSServiceRoleForTrustedAdvisor,TRUSTS
arn:aws:iam::000000000000:role/AssumableGlobally,[],Write,sts:AssumeRole,Returns a set of temporary security credentials that you can use to access AWS resources that you might not normally have access to,https://docs.aws.amazon.com/STS/latest/APIReference/API_AssumeRole.html,Allow,arn:aws:iam::000000000000:role/BlogExampleRole1,TRUSTS
arn:aws:iam::000000000000:role/AssumableGlobally,[],Write,sts:AssumeRole,Returns a set of temporary security credentials that you can use to access AWS resources that you might not normally have access to,https://docs.aws.amazon.com/STS/latest/APIReference/API_AssumeRole.html,Allow,arn:aws:iam::000000000000:role/BlogExampleRole2,TRUSTS
arn:aws:iam::000000000000:role/AssumableGlobally,[],Write,sts:AssumeRole,Returns a set of temporary security credentials that you can use to access AWS resources that you might not normally have access to,https://docs.aws.amazon.com/STS/latest/APIReference/API_AssumeRole.html,Allow,arn:aws:iam::000000000000:role/IAMRole,TRUSTS
arn:aws:iam::000000000000:role/AssumableGlobally,[],Write,sts:AssumeRole,Returns a set of temporary security credentials that you can use to access AWS resources that you might not normally have access to,https://docs.aws.amazon.com/STS/latest/APIReference/API_AssumeRole.html,Allow,arn:aws:iam::{Account}:root,TRUSTS
arn:aws:iam::000000000000:role/aws-reserved/sso.amazonaws.com/AWSReservedSSO_AdministratorAccess_9899f3e2306dd92c,"[{""StringEquals"": {""SAML:aud"": ""https://signin.aws.amazon.com/saml""}}]",Write,sts:AssumeRoleWithSAML,Returns a set of temporary security credentials for users who have been authenticated via a SAML authentication response,https://docs.aws.amazon.com/STS/latest/APIReference/API_AssumeRoleWithSAML.html,Allow,arn:aws:iam::000000000000:saml-provider/AWSSSO_c65be43f7adf2fb6_DO_NOT_DELETE,TRUSTS
